timestamp,available_date,kupah,profession,doctor_name,address,days_diff,city
2026-07-31 00:40:49.776055,,maccabi,אולטרסאונד גינקולוגי ומיילדותי,דר יוסף גוהר,"תפוח 7, עומר",,עומר
2026-07-31 00:40:49.776055,,maccabi,אולטרסאונד נשים (על קול),דר יוסף גוהר,"תפוח 7, עומר",,עומר
2026-07-31 00:40:49.776055,2026-10-19 17:30:00,maccabi,אונקולוגיה,דר שולים שפיגל,"התקוה 4, באר שבע",80.0,באר שבע
2026-07-31 00:40:49.776055,2026-10-19 17:30:00,maccabi,אונקולוגיה - גידולי מערכת העיכול,דר שולים שפיגל,"התקוה 4, באר שבע",80.0,באר שבע
2026-07-31 00:40:49.776055,2026-08-20 19:40:00,maccabi,אונקולוגיה - גידולי עור,דר אלכס יעקובסון,"התקוה 4, באר שבע",20.0,באר שבע
2026-07-31 00:40:49.776055,2026-10-19 17:30:00,maccabi,אונקולוגיה - גידולי ריאה,דר שולים שפיגל,"התקוה 4, באר שבע",80.0,באר שבע
2026-07-31 00:40:49.776055,2026-10-19 17:30:00,maccabi,אונקולוגיה - גידולי שד,דר שולים שפיגל,"התקוה 4, באר שבע",80.0,באר שבע
2026-07-31 00:40:49.776055,2026-10-19 17:30:00,maccabi,אונקולוגיה - גידולים אורולוגים,דר שולים שפיגל,"התקוה 4, באר שבע",80.0,באר שבע
2026-07-31 00:40:49.776055,,maccabi,אורוגינקולוגיה,דר אלעד לרון,"פריאר רחה 9, באר שבע",,באר שבע
2026-07-31 00:40:49.776055,2026-09-07 13:00:00,maccabi,אורולוגיה,דר עדית דובי סובול,"פריאר רחה 9, באר שבע",38.0,באר שבע
2026-07-31 00:40:49.776055,2026-09-02 17:28:00,maccabi,אורולוגיה,דר לאוניד לוביק,"התקוה 4, באר שבע",33.0,באר שבע
2026-07-31 00:40:49.776055,2026-08-26 08:20:00,maccabi,אורולוגיה,דר איגור איידלברג,"התקוה 4, באר שבע",26.0,באר שבע
2026-07-31 00:40:49.776055,2026-09-02 16:00:00,maccabi,אורולוגיה,דר אנדרה נאולנדר,"שד רגר יצחק 22, באר שבע",33.0,באר שבע
2026-07-31 00:40:49.776055,,maccabi,אורולוגיה,דר עדית דובי סובול,"שד גולדה מאיר 20, דימונה",,דימונה
2026-07-31 00:40:49.776055,2026-08-27 17:54:00,maccabi,אורולוגיה,פרופ אולג קגן,"הרב עובדיה יוסף 10, אופקים",27.0,אופקים
2026-07-31 00:40:49.776055,2026-08-26 15:40:00,maccabi,אורולוגיה,דר אנטולי גולדברג,"שמעון 13, ערד",26.0,ערד
2026-07-31 00:40:49.776055,2026-08-25 09:00:00,maccabi,אורולוגיה,דר אולג לוי,"שמעון 13, ערד",25.0,ערד
2026-07-31 00:40:49.776055,,maccabi,אורולוגיה,דר עדית דובי סובול,"בורנשטיין צבי 199, ירוחם",,ירוחם
2026-07-31 00:40:49.776055,2026-09-03 15:00:00,maccabi,אורולוגיה,פרופ אולג קגן,"שד ירושלים 18, נתיבות",34.0,נתיבות
2026-07-31 00:40:49.776055,2026-09-03 11:24:00,maccabi,אורולוגיה,דר עדית דובי סובול,"גני טל 2, נתיבות",34.0,נתיבות
2026-07-31 00:40:49.776055,2026-09-01 15:20:00,maccabi,אורולוגיה,דר אולג לוי,"שד העצמאות 64, קריית גת",32.0,קריית גת
2026-07-31 00:40:49.776055,2026-08-18 11:20:00,maccabi,אורולוגיה,דר נדאל סומירה,"שד העצמאות 64, קריית גת",18.0,קריית גת
2026-07-31 00:40:49.776055,2026-10-02 08:00:00,maccabi,אורתופדיה,דר ראוף אלקרינאוי,"אל-קודס 7, לקיה",63.0,לקיה
2026-07-31 00:40:49.776055,,maccabi,אורתופדיה,דר שמואל קימיאגרוב,"פריאר רחה 9, באר שבע",,באר שבע
2026-07-31 00:40:49.776055,,maccabi,אורתופדיה,דר אלכסנדר גפטלר,"יחיל חיים 7, באר שבע",,באר שבע
2026-07-31 00:40:49.776055,,maccabi,אורתופדיה,דר רון בשוראי,"התקוה 4, באר שבע",,באר שבע
2026-07-31 00:40:49.776055,2026-08-11 08:40:00,maccabi,אורתופדיה,דר גדי חיים כהן,"התקוה 4, באר שבע",11.0,באר שבע
2026-07-31 00:40:49.776055,2026-08-18 17:10:00,maccabi,אורתופדיה,דר אלכסיי בונין,"התקוה 4, באר שבע",18.0,באר שבע
2026-07-31 00:40:49.776055,2026-10-18 15:30:00,maccabi,אורתופדיה,דר ולרי בילנקו,"התקוה 4, באר שבע",79.0,באר שבע
2026-07-31 00:40:49.776055,2026-09-28 11:18:00,maccabi,אורתופדיה,דר אורן צביאלי,"התקוה 4, באר שבע",59.0,באר שבע
2026-07-31 00:40:49.776055,,maccabi,אורתופדיה,דר מיכאל גוטמן,"התקוה 4, באר שבע",,באר שבע
2026-07-31 00:40:49.776055,,maccabi,אורתופדיה,דר רוברט שוורץ,"התקוה 4, באר שבע",,באר שבע
2026-07-31 00:40:49.776055,2026-12-20 08:48:00,maccabi,אורתופדיה,דר אלעד קרן,"התקוה 4, באר שבע",142.0,באר שבע
2026-07-31 00:40:49.776055,,maccabi,אורתופדיה,דר מחמד אל דאדא,"התקוה 4, באר שבע",,באר שבע
2026-07-31 00:40:49.776055,2026-12-24 17:20:00,maccabi,אורתופדיה,דר גריק בילנקו,"התקוה 4, באר שבע",146.0,באר שבע
2026-07-31 00:40:49.776055,2026-08-10 15:00:00,maccabi,אורתופדיה,דר ולרי בילנקו,"התקוה 4, באר שבע",10.0,באר שבע
2026-07-31 00:40:49.776055,,maccabi,אורתופדיה,דר מחמד אל דאדא,"מכבי שירותי בריאות, כסיפה",,כסיפה
2026-07-31 00:40:49.776055,2026-08-16 18:15:00,maccabi,אורתופדיה,דר וסים אל עברה,"מרכז מסחרי, רהט",16.0,רהט
2026-07-31 00:40:49.776055,2026-09-28 11:45:00,maccabi,אורתופדיה,דר נטע מימון,"שד גולדה מאיר 20, דימונה",59.0,דימונה
2026-07-31 00:40:49.776055,,maccabi,אורתופדיה,דר שמואל קימיאגרוב,"שד גולדה מאיר 20, דימונה",,דימונה
2026-07-31 00:40:49.776055,2026-09-28 08:20:00,maccabi,אורתופדיה,דר דניאל אבדייב,"שד גולדה מאיר 20, דימונה",59.0,דימונה
2026-07-31 00:40:49.776055,,maccabi,אורתופדיה,דר אייל פורמן,"שד הרצל 36, אופקים",,אופקים
2026-07-31 00:40:49.776055,,maccabi,אורתופדיה,דר שמואל קימיאגרוב,"שד הרצל 36, אופקים",,אופקים
2026-07-31 00:40:49.776055,,maccabi,אורתופדיה,דר דניאל אבדייב,"שד הרצל 36, אופקים",,אופקים
2026-07-31 00:40:49.776055,2026-10-07 12:00:00,maccabi,אורתופדיה,דר מוחמד אבו תיר,"שמעון 13, ערד",68.0,ערד
2026-07-31 00:40:49.776055,,maccabi,אורתופדיה, אורתופדים מרפאת,"שמעון 13, ערד",,ערד
2026-07-31 00:40:49.776055,,maccabi,אורתופדיה,דר גריק בילנקו,"שמעון 13, ערד",,ערד
2026-07-31 00:40:49.776055,2026-09-16 08:10:00,maccabi,אורתופדיה,דר מוחמד אבו תיר,"שמעון 13, ערד",47.0,ערד
2026-07-31 00:40:49.776055,2026-08-27 17:40:00,maccabi,אורתופדיה,דר מחמד אל דאדא,"שמעון 13, ערד",27.0,ערד
2026-07-31 00:40:49.776055,2026-12-03 14:10:00,maccabi,אורתופדיה,דר רפאל אדינייב,"אליהו אילוז 2, נתיבות",125.0,נתיבות
2026-07-31 00:40:49.776055,,maccabi,אורתופדיה,דר אייל פורמן,"אליהו אילוז 2, נתיבות",,נתיבות
2026-07-31 00:40:49.776055,,maccabi,אורתופדיה,דר מיכאל עמנואל,"אליהו אילוז 2, נתיבות",,נתיבות
2026-07-31 00:40:49.776055,,maccabi,אורתופדיה,דר סטניסלב קליוץ',"גני טל 2, נתיבות",,נתיבות
2026-07-31 00:40:49.776055,2026-10-08 09:10:00,maccabi,אורתופדיה,דר מיכאל ליבשיץ,"שד העצמאות 64, קריית גת",69.0,קריית גת
2026-07-31 00:40:49.776055,2026-10-05 13:30:00,maccabi,אורתופדיה,דר גדי חיים כהן,"שד העצמאות 64, קריית גת",66.0,קריית גת
2026-07-31 00:40:49.776055,2026-09-27 08:20:00,maccabi,אורתופדיה,דר אחמד אבוטיר,"שד העצמאות 64, קריית גת",58.0,קריית גת
2026-07-31 00:40:49.776055,,maccabi,אורתופדיה,דר אלכסנדר בוקי,"אדוריים 101, קריית גת",,קריית גת
2026-07-31 00:40:49.776055,2026-10-04 16:20:00,maccabi,אורתופדיה,דר שלומי בולקובשטיין,"נתיבות שלום 16, קריית גת",65.0,קריית גת
2026-07-31 00:40:49.776055,,maccabi,אורתופדיה אונקולוגית,פרופ יהודה קולנדר,"יחיל חיים 7, באר שבע",,באר שבע
2026-07-31 00:40:49.776055,2026-08-11 08:40:00,maccabi,אורתופדיה ברכיים,דר גדי חיים כהן,"התקוה 4, באר שבע",11.0,באר שבע
2026-07-31 00:40:49.776055,2026-10-05 13:30:00,maccabi,אורתופדיה ברכיים,דר גדי חיים כהן,"שד העצמאות 64, קריית גת",66.0,קריית גת
2026-07-31 00:40:49.776055,2026-08-18 17:10:00,maccabi,אורתופדיה החלפות מפרקים,דר אלכסיי בונין,"התקוה 4, באר שבע",18.0,באר שבע
2026-07-31 00:40:49.776055,2026-10-18 15:30:00,maccabi,אורתופדיה החלפות מפרקים,דר ולרי בילנקו,"התקוה 4, באר שבע",79.0,באר שבע
2026-07-31 00:40:49.776055,2026-08-10 15:00:00,maccabi,אורתופדיה החלפות מפרקים,דר ולרי בילנקו,"התקוה 4, באר שבע",10.0,באר שבע
2026-07-31 00:40:49.776055,2026-09-28 11:18:00,maccabi,אורתופדיה מרפק וכתף,דר אורן צביאלי,"התקוה 4, באר שבע",59.0,באר שבע
2026-07-31 00:40:49.776055,,maccabi,אורתופדיה עמוד שדרה,דר אלכסנדר גפטלר,"יחיל חיים 7, באר שבע",,באר שבע
2026-07-31 00:40:49.776055,,maccabi,אורתופדיה קרסול וכף רגל,דר מיכאל גוטמן,"התקוה 4, באר שבע",,באר שבע
2026-07-31 00:40:49.776055,,maccabi,אורתופדיה של היד,דר סטניסלב קליוץ',"גני טל 2, נתיבות",,נתיבות
2026-07-31 00:40:49.776055,2026-09-28 11:18:00,maccabi,אורתופדית כתף,דר אורן צביאלי,"התקוה 4, באר שבע",59.0,באר שבע
2026-07-31 00:40:49.776055,2026-10-13 16:54:00,maccabi,אימונולוגיה/אלרגולוגיה,דר ליאת נחשון,"התקוה 4, באר שבע",74.0,באר שבע
2026-07-31 00:40:49.776055,,maccabi,אימונולוגיה/אלרגולוגיה,דר נעמה אפשטיין רגבי,"אדוריים 101, קריית גת",,קריית גת
2026-07-31 00:40:49.776055,,maccabi,אנדוקרינולוגיה,פרופ יאיר ליאל,"התקוה 4, באר שבע",,באר שבע
2026-07-31 00:40:49.776055,2027-01-25 12:00:00,maccabi,אנדוקרינולוגיה,דר יבגניה טודוסוי,"התקוה 4, באר שבע",178.0,באר שבע
2026-07-31 00:40:49.776055,2026-12-01 08:50:00,maccabi,אנדוקרינולוגיה,דר יונתן ארבל,"התקוה 4, באר שבע",123.0,באר שבע
2026-07-31 00:40:49.776055,,maccabi,אנדוקרינולוגיה,דר מיכל לוין,"התקוה 4, באר שבע",,באר שבע
2026-07-31 00:40:49.776055,2026-12-22 17:15:00,maccabi,אנדוקרינולוגיה,דר נטע לבנטל,"התקוה 4, באר שבע",144.0,באר שבע
2026-07-31 00:40:49.776055,2026-10-28 08:30:00,maccabi,אנדוקרינולוגיה,דר דיינה כהן,"התקוה 4, באר שבע",89.0,באר שבע
2026-07-31 00:40:49.776055,2026-08-13 16:00:00,maccabi,אנדוקרינולוגיה,דר ילנה חנינה,"שד רגר יצחק 22, באר שבע",13.0,באר שבע
2026-07-31 00:40:49.776055,2026-08-20 13:00:00,maccabi,אנדוקרינולוגיה,דר אורלי אריאס גוטמן,"שד גולדה מאיר 20, דימונה",20.0,דימונה
2026-07-31 00:40:49.776055,,maccabi,אנדוקרינולוגיה,דר אלון פרפל,"גני טל 2, נתיבות",,נתיבות
2026-07-31 00:40:49.776055,2026-11-18 09:30:00,maccabi,אנדוקרינולוגיה,דר יונתן ארבל,"שד העצמאות 64, קריית גת",110.0,קריית גת
2026-07-31 00:40:49.776055,2026-11-25 10:00:00,maccabi,אף אוזן וגרון,דר גדי ספיר,"שד רגר יצחק 53/2, באר שבע",117.0,באר שבע
2026-07-31 00:40:49.776055,2026-12-06 08:50:00,maccabi,אף אוזן וגרון,דר גדי ספיר,"התקוה 4, באר שבע",128.0,באר שבע
2026-07-31 00:40:49.776055,2026-10-13 19:10:00,maccabi,אף אוזן וגרון,פרופ מרדכי קראוס,"התקוה 4, באר שבע",74.0,באר שבע
2026-07-31 00:40:49.776055,2026-10-22 10:06:00,maccabi,אף אוזן וגרון,דר אנג'ליקה יעל מימרן פררה,"התקוה 4, באר שבע",83.0,באר שבע
2026-07-31 00:40:49.776055,,maccabi,אף אוזן וגרון,דר עבד אלמג'יד אבו אלהיג'א,"התקוה 4, באר שבע",,באר שבע
2026-07-31 00:40:49.776055,2026-10-28 14:10:00,maccabi,אף אוזן וגרון,דר פנחס ספיר,"התקוה 4, באר שבע",89.0,באר שבע
2026-07-31 00:40:49.776055,2026-08-02 11:00:00,maccabi,אף אוזן וגרון,דר נילי סגל,"החלוץ 123, באר שבע",2.0,באר שבע
2026-07-31 00:40:49.776055,,maccabi,אף אוזן וגרון,דר סופיה קורדליוק,"לרון אפרים 112, באר שבע",,באר שבע
2026-07-31 00:40:49.776055,2026-11-26 08:10:00,maccabi,אף אוזן וגרון,דר הלייל אבופריח,"מרכז מסחרי, רהט",118.0,רהט
2026-07-31 00:40:49.776055,2026-10-14 07:40:00,maccabi,אף אוזן וגרון,דר פנחס ספיר,"שד גולדה מאיר 20, דימונה",75.0,דימונה
2026-07-31 00:40:49.776055,2026-09-17 12:50:00,maccabi,אף אוזן וגרון,פרופ מרדכי קראוס,"הרב עובדיה יוסף 10, אופקים",48.0,אופקים
2026-07-31 00:40:49.776055,2026-11-30 18:20:00,maccabi,אף אוזן וגרון,פרופ מרדכי קראוס,"שמעון 13, ערד",122.0,ערד
2026-07-31 00:40:49.776055,2027-01-31 11:10:00,maccabi,אף אוזן וגרון,דר סופיה קורדליוק,"שמעון 13, ערד",184.0,ערד
2026-07-31 00:40:49.776055,,maccabi,אף אוזן וגרון,דר שניר בר,"גני טל 2, נתיבות",,נתיבות
2026-07-31 00:40:49.776055,2026-10-15 15:00:00,maccabi,אף אוזן וגרון,דר הלייל אבופריח,"שד העצמאות 64, קריית גת",76.0,קריית גת
2026-07-31 00:40:49.776055,2026-10-05 09:15:00,maccabi,אף אוזן וגרון,דר חיים לבון,"שד העצמאות 64, קריית גת",66.0,קריית גת
2026-07-31 00:40:49.776055,2026-10-04 16:10:00,maccabi,אף אוזן וגרון,דר אברהם בושלאוויטש,"שד העצמאות 64, קריית גת",65.0,קריית גת
2026-07-31 00:40:49.776055,,maccabi,בדיקות קרדיולוגיות, אסותא  באר שבע מרפאת בית חולים,"יחיל חיים 7, באר שבע",,באר שבע
2026-07-31 00:40:49.776055,,maccabi,גינקולוגיה אונקולוגית,דר מיחאי מאירוביץ,"בן צבי יצחק 10, באר שבע",,באר שבע
2026-07-31 00:40:49.776055,,maccabi,גינקולוגיה אונקולוגית,דר עמית מאיר,"בן צבי יצחק 10, באר שבע",,באר שבע
2026-07-31 00:40:49.776055,2026-08-30 17:00:00,maccabi,גינקולוגיה/נשים,דר נועה שגית ליבוביץ הללויה,"שדרות המייסדים 1, מיתר",30.0,מיתר
2026-07-31 00:40:49.776055,2026-11-11 13:00:00,maccabi,גינקולוגיה/נשים,דר מרים ארנברג,"דרורית 133, מיתר",103.0,מיתר
2026-07-31 00:40:49.776055,2026-08-06 13:10:00,maccabi,גינקולוגיה/נשים,דר לובנא זועבי סלמאן,"אל-קודס 7, לקיה",6.0,לקיה
2026-07-31 00:40:49.776055,2026-10-02 08:50:00,maccabi,גינקולוגיה/נשים,דר חני פל,"דפנה 10, עומר",63.0,עומר
2026-07-31 00:40:49.776055,,maccabi,גינקולוגיה/נשים,דר ורד קלייטמן מאיר,"דפנה 10, עומר",,עומר
2026-07-31 00:40:49.776055,2026-09-03 13:36:00,maccabi,גינקולוגיה/נשים,דר איתן לויטס,"יהודה הנחתום 6, באר שבע",34.0,באר שבע
2026-07-31 00:40:49.776055,2026-08-27 16:00:00,maccabi,גינקולוגיה/נשים,דר דניאל קבוט,"נחל פרת 20, באר שבע",27.0,באר שבע
2026-07-31 00:40:49.776055,,maccabi,גינקולוגיה/נשים,דר יוסף שטופמאכר,"שינדלר אוסקר 32, באר שבע",,באר שבע
2026-07-31 00:40:49.776055,,maccabi,גינקולוגיה/נשים,דר אילן שוורץ,"התקוה 4, באר שבע",,באר שבע
2026-07-31 00:40:49.776055,2026-10-18 11:45:00,maccabi,גינקולוגיה/נשים,דר ליליאנה אביר,"התקוה 4, באר שבע",79.0,באר שבע
2026-07-31 00:40:49.776055,2026-09-14 10:45:00,maccabi,גינקולוגיה/נשים,דר דב קרול,"התקוה 4, באר שבע",45.0,באר שבע
2026-07-31 00:40:49.776055,2026-12-08 11:00:00,maccabi,גינקולוגיה/נשים,דר ברכה ברקאי,"התקוה 4, באר שבע",130.0,באר שבע
2026-07-31 00:40:49.776055,2026-08-27 15:00:00,maccabi,גינקולוגיה/נשים,דר איליה בורד,"בן צבי יצחק 11, באר שבע",27.0,באר שבע
2026-07-31 00:40:49.776055,,maccabi,גינקולוגיה/נשים,דר מיחאי מאירוביץ,"התקוה 4, באר שבע",,באר שבע
2026-07-31 00:40:49.776055,2026-09-14 09:15:00,maccabi,גינקולוגיה/נשים,דר איתן מרדכי,"התקוה 4, באר שבע",45.0,באר שבע
2026-07-31 00:40:49.776055,2026-11-03 12:48:00,maccabi,גינקולוגיה/נשים,פרופ טלי זילברשטיין,"התקוה 4, באר שבע",95.0,באר שבע
2026-07-31 00:40:49.776055,2026-10-14 08:50:00,maccabi,גינקולוגיה/נשים,דר חני פל,"התקוה 4, באר שבע",75.0,באר שבע
2026-07-31 00:40:49.776055,,maccabi,גינקולוגיה/נשים,פרופ רועי קסוס,"התקוה 4, באר שבע",,באר שבע
2026-07-31 00:40:49.776055,2027-01-05 07:30:00,maccabi,גינקולוגיה/נשים,דר ורד קלייטמן מאיר,"התקוה 4, באר שבע",158.0,באר שבע
2026-07-31 00:40:49.776055,,maccabi,גינקולוגיה/נשים,דר נעמה שטיינר,"התקוה 4, באר שבע",,באר שבע
2026-07-31 00:40:49.776055,2026-08-18 12:00:00,maccabi,גינקולוגיה/נשים,דר אוהד כץ,"התקוה 4, באר שבע",18.0,באר שבע
2026-07-31 00:40:49.776055,,maccabi,גינקולוגיה/נשים,דר אחמט נמזוב,"התקוה 4, באר שבע",,באר שבע
2026-07-31 00:40:49.776055,2026-11-05 08:45:00,maccabi,גינקולוגיה/נשים,דר מרים ארנברג,"התקוה 4, באר שבע",97.0,באר שבע
2026-07-31 00:40:49.776055,,maccabi,גינקולוגיה/נשים,דר גיל גוטווירץ,"התקוה 4, באר שבע",,באר שבע
2026-07-31 00:40:49.776055,,maccabi,גינקולוגיה/נשים,דר דב בכר,"התקוה 4, באר שבע",,באר שבע
2026-07-31 00:40:49.776055,,maccabi,גינקולוגיה/נשים,דר אמיר שניר,"התקוה 4, באר שבע",,באר שבע
2026-07-31 00:40:49.776055,2026-08-25 16:40:00,maccabi,גינקולוגיה/נשים,דר אסף זאגא,"התקוה 4, באר שבע",25.0,באר שבע
2026-07-31 00:40:49.776055,,maccabi,גינקולוגיה/נשים,דר גיל גוטווירץ,"התקוה 4, באר שבע",,באר שבע
2026-07-31 00:40:49.776055,,maccabi,גינקולוגיה/נשים,דר מוחמד שלבי,"התקוה 4, באר שבע",,באר שבע
2026-07-31 00:40:49.776055,2026-09-08 14:00:00,maccabi,גינקולוגיה/נשים,דר אלכסנדר אליושין,"שד רגר יצחק 11, באר שבע",39.0,באר שבע
2026-07-31 00:40:49.776055,2026-09-23 13:00:00,maccabi,גינקולוגיה/נשים,דר מרים ארנברג,"מועצה אזורית הר חברון, מיתרים",54.0,מיתרים
2026-07-31 00:40:49.776055,,maccabi,גינקולוגיה/נשים,דר אילן שוורץ,"רובינא חנה 22, באר שבע",,באר שבע
2026-07-31 00:40:49.776055,,maccabi,גינקולוגיה/נשים,דר יוסף שטופמאכר,"יוהנה ז'בוטינסקי 30, באר שבע",,באר שבע
2026-07-31 00:40:49.776055,2026-09-27 07:15:00,maccabi,גינקולוגיה/נשים,דר יוסף גוהר,"לרון אפרים 112, באר שבע",58.0,באר שבע
2026-07-31 00:40:49.776055,2026-08-28 08:00:00,maccabi,גינקולוגיה/נשים,דר לובנא זועבי סלמאן,"מכבי שירותי בריאות, כסיפה",28.0,כסיפה
2026-07-31 00:40:49.776055,2026-10-10 08:45:00,maccabi,גינקולוגיה/נשים,דר ג'ומאנה עזאם סלאמה,"שכונה 4 140, רהט",71.0,רהט
2026-07-31 00:40:49.776055,2026-08-21 08:00:00,maccabi,גינקולוגיה/נשים,דר לובנא זועבי סלמאן,"מרכז מסחרי, רהט",21.0,רהט
2026-07-31 00:40:49.776055,2026-09-02 09:45:00,maccabi,גינקולוגיה/נשים,דר לובנא זועבי סלמאן,"רמח''ל 113, תפרח",33.0,תפרח
2026-07-31 00:40:49.776055,2026-11-23 11:45:00,maccabi,גינקולוגיה/נשים,דר ברכה ברקאי,"שד גולדה מאיר 20, דימונה",115.0,דימונה
2026-07-31 00:40:49.776055,2026-08-16 13:50:00,maccabi,גינקולוגיה/נשים,דר יוסף גוהר,"שד גולדה מאיר 20, דימונה",16.0,דימונה
2026-07-31 00:40:49.776055,2026-08-10 14:30:00,maccabi,גינקולוגיה/נשים,דר איליה בורד,"שד גולדה מאיר 20, דימונה",10.0,דימונה
2026-07-31 00:40:49.776055,,maccabi,גינקולוגיה/נשים,דר יאנה ויניקוב,"שד גולדה מאיר 20, דימונה",,דימונה
2026-07-31 00:40:49.776055,2026-08-12 09:00:00,maccabi,גינקולוגיה/נשים,דר איתן לויטס,"שד גולדה מאיר 20, דימונה",12.0,דימונה
2026-07-31 00:40:49.776055,2026-08-18 17:45:00,maccabi,גינקולוגיה/נשים,דר אלכסנדר סורקין,"בן איש חי 1530, אופקים",18.0,אופקים
2026-07-31 00:40:49.776055,2026-10-29 11:00:00,maccabi,גינקולוגיה/נשים,דר ברכה ברקאי,"שד הרצל 36, אופקים",90.0,אופקים
2026-07-31 00:40:49.776055,2026-08-23 18:00:00,maccabi,גינקולוגיה/נשים,דר ארקדי ורשבסקי,"שד הרצל 36, אופקים",23.0,אופקים
2026-07-31 00:40:49.776055,,maccabi,גינקולוגיה/נשים,דר בתאל חמו,"שד הרצל 36, אופקים",,אופקים
2026-07-31 00:40:49.776055,,maccabi,גינקולוגיה/נשים,דר ופא שביטה,"הרב עובדיה יוסף 10, אופקים",,אופקים
2026-07-31 00:40:49.776055,2026-10-13 15:30:00,maccabi,גינקולוגיה/נשים,דר ורד קלייטמן מאיר,"הרב עובדיה יוסף 10, אופקים",74.0,אופקים
2026-07-31 00:40:49.776055,2026-08-05 15:45:00,maccabi,גינקולוגיה/נשים,דר אנטון גסקין,"בן יאיר אלעזר 39, ערד",5.0,ערד
2026-07-31 00:40:49.776055,2026-09-08 07:15:00,maccabi,גינקולוגיה/נשים,דר אבי גלון,"בן יאיר אלעזר 39, ערד",39.0,ערד
2026-07-31 00:40:49.776055,2026-09-17 18:15:00,maccabi,גינקולוגיה/נשים,דר אאוריקה גורכוב,"בן יאיר אלעזר 39, ערד",48.0,ערד
2026-07-31 00:40:49.776055,2026-10-29 07:15:00,maccabi,גינקולוגיה/נשים,דר מרים ארנברג,"בן יאיר אלעזר 39, ערד",90.0,ערד
2026-07-31 00:40:49.776055,2026-09-11 09:36:00,maccabi,גינקולוגיה/נשים,דר יבגניה גרינשטט,"בן יאיר אלעזר 39, ערד",42.0,ערד
2026-07-31 00:40:49.776055,,maccabi,גינקולוגיה/נשים,דר חני פל,"בן יאיר אלעזר 39, ערד",,ערד
2026-07-31 00:40:49.776055,,maccabi,גינקולוגיה/נשים,דר עדי קופרמן-שני,"בן יאיר אלעזר 39, ערד",,ערד
2026-07-31 00:40:49.776055,2026-08-26 12:00:00,maccabi,גינקולוגיה/נשים,דר יונתן דרור,"בן יאיר אלעזר 39, ערד",26.0,ערד
2026-07-31 00:40:49.776055,2026-08-18 09:10:00,maccabi,גינקולוגיה/נשים,דר יוסף גוהר,"בורנשטיין צבי 199, ירוחם",18.0,ירוחם
2026-07-31 00:40:49.776055,2026-09-08 11:24:00,maccabi,גינקולוגיה/נשים,דר איתן לויטס,"בעלי מלאכה 1, נתיבות",39.0,נתיבות
2026-07-31 00:40:49.776055,2026-09-07 16:30:00,maccabi,גינקולוגיה/נשים,דר רעות שר שלום,"מועצה אזורית רמת הנגב, רמת הנגב",38.0,רמת הנגב
2026-07-31 00:40:49.776055,2026-11-02 12:00:00,maccabi,גינקולוגיה/נשים,דר סוניה פוקס,"אליהו אילוז 2, נתיבות",94.0,נתיבות
2026-07-31 00:40:49.776055,2026-11-12 09:00:00,maccabi,גינקולוגיה/נשים,דר לובנא זועבי סלמאן,"אליהו אילוז 2, נתיבות",104.0,נתיבות
2026-07-31 00:40:49.776055,2026-08-16 09:30:00,maccabi,גינקולוגיה/נשים,דר דב בכר,"אליהו אילוז 2, נתיבות",16.0,נתיבות
2026-07-31 00:40:49.776055,2026-11-23 14:45:00,maccabi,גינקולוגיה/נשים,דר בתאל חמו,"אליהו אילוז 2, נתיבות",115.0,נתיבות
2026-07-31 00:40:49.776055,2026-09-22 10:45:00,maccabi,גינקולוגיה/נשים,דר דניאל קבוט,"גני טל 2, נתיבות",53.0,נתיבות
2026-07-31 00:40:49.776055,2026-10-16 12:15:00,maccabi,גינקולוגיה/נשים,דר יורי דרויאן,"גני טל 2, נתיבות",77.0,נתיבות
2026-07-31 00:40:49.776055,2026-10-28 12:30:00,maccabi,גינקולוגיה/נשים,דר ורד קלייטמן מאיר,"גני טל 2, נתיבות",89.0,נתיבות
2026-07-31 00:40:49.776055,2026-10-13 14:48:00,maccabi,גינקולוגיה/נשים,דר אילן שוורץ,"שד העצמאות 64, קריית גת",74.0,קריית גת
2026-07-31 00:40:49.776055,2026-09-07 16:00:00,maccabi,גינקולוגיה/נשים,דר מוריה קירשנר,"שד העצמאות 64, קריית גת",38.0,קריית גת
2026-07-31 00:40:49.776055,2026-09-07 11:15:00,maccabi,גינקולוגיה/נשים,דר אלונה דורון ללזרי,"שד העצמאות 64, קריית גת",38.0,קריית גת
2026-07-31 00:40:49.776055,2026-11-05 08:30:00,maccabi,גינקולוגיה/נשים,דר רעיה גקמן,"שדרות אבני החושן 1, קריית גת",97.0,קריית גת
2026-07-31 00:40:49.776055,2026-10-06 13:30:00,maccabi,גינקולוגיה/נשים,דר נתן סטולוביץ,"שדרות אבני החושן 1, קריית גת",67.0,קריית גת
2026-07-31 00:40:49.776055,2026-09-01 10:40:00,maccabi,גינקולוגיה/נשים,דר נתן סטולוביץ,"שדרות אבני החושן 1, קריית גת",32.0,קריית גת
2026-07-31 00:40:49.776055,,maccabi,גינקולוגיה/נשים,דר ליהי חן,"שדרות אבני החושן 1, קריית גת",,קריית גת
2026-07-31 00:40:49.776055,2026-08-10 14:50:00,maccabi,גינקולוגיה/נשים,דר אסנת רון טל פישר,"שדרות אבני החושן 1, קריית גת",10.0,קריית גת
2026-07-31 00:40:49.776055,2026-11-02 11:45:00,maccabi,גינקולוגיה/נשים,דר מירב נזר,"נתיבות שלום 16, קריית גת",94.0,קריית גת
2026-07-31 00:40:49.776055,2026-09-04 09:15:00,maccabi,גינקולוגיה/נשים,דר דן ניר,"נתיבות שלום 16, קריית גת",35.0,קריית גת
2026-07-31 00:40:49.776055,2026-08-06 15:00:00,maccabi,גינקולוגיה/נשים,דר דן ניר,"נתיבות שלום 16, קריית גת",6.0,קריית גת
2026-07-31 00:40:49.776055,2026-09-09 10:45:00,maccabi,גינקולוגיה/נשים,דר הילה דהן,"נתיבות שלום 16, קריית גת",40.0,קריית גת
2026-07-31 00:40:49.776055,,maccabi,גנטיקה,דר אריה קויפמן,"שד רגר יצחק 49, באר שבע",,באר שבע
2026-07-31 00:40:49.776055,,maccabi,גסטרואנטרולוגיה,דר אלכסנדר רוזנטל,"התקוה 4, באר שבע",,באר שבע
2026-07-31 00:40:49.776055,2026-10-18 08:00:00,maccabi,גסטרואנטרולוגיה,דר משה אריה אוברמן,"התקוה 4, באר שבע",79.0,באר שבע
2026-07-31 00:40:49.776055,2026-11-30 16:48:00,maccabi,גסטרואנטרולוגיה,דר דורון שוורץ,"התקוה 4, באר שבע",122.0,באר שבע
2026-07-31 00:40:49.776055,2027-04-05 16:15:00,maccabi,גסטרואנטרולוגיה,דר דניאלה מונטאנו,"התקוה 4, באר שבע",248.0,באר שבע
2026-07-31 00:40:49.776055,2026-10-12 15:40:00,maccabi,גסטרואנטרולוגיה,פרופ נעים אבו פריחה,"התקוה 4, באר שבע",73.0,באר שבע
2026-07-31 00:40:49.776055,,maccabi,גסטרואנטרולוגיה,דר ג'אבר אלקרינאוי,"התקוה 4, באר שבע",,באר שבע
2026-07-31 00:40:49.776055,,maccabi,גסטרואנטרולוגיה,דר אריק סגל,"התקוה 4, באר שבע",,באר שבע
2026-07-31 00:40:49.776055,2026-10-04 09:00:00,maccabi,גסטרואנטרולוגיה,דר מג'ד חדר,"התקוה 4, באר שבע",65.0,באר שבע
2026-07-31 00:40:49.776055,2026-10-11 09:20:00,maccabi,גסטרואנטרולוגיה,דר חורחה שמואל דלגדו,"התקוה 4, באר שבע",72.0,באר שבע
2026-07-31 00:40:49.776055,,maccabi,גסטרואנטרולוגיה,דר זלטה לרנר,"התקוה 4, באר שבע",,באר שבע
2026-07-31 00:40:49.776055,2026-10-11 15:40:00,maccabi,גסטרואנטרולוגיה,דר מג'ד חדר,"שד הרצל 36, אופקים",72.0,אופקים
2026-07-31 00:40:49.776055,2026-10-11 17:30:00,maccabi,גסטרואנטרולוגיה,דר חורחה שמואל דלגדו,"שמעון 13, ערד",72.0,ערד
2026-07-31 00:40:49.776055,2026-10-18 15:20:00,maccabi,גסטרואנטרולוגיה,דר מג'ד חדר,"אליהו אילוז 2, נתיבות",79.0,נתיבות
2026-07-31 00:40:49.776055,2026-10-20 10:00:00,maccabi,גסטרואנטרולוגיה,דר משה אריה אוברמן,"שד העצמאות 64, קריית גת",81.0,קריית גת
2026-07-31 00:40:49.776055,2026-09-07 10:20:00,maccabi,גסטרואנטרולוגיה,דר מג'ד חדר,"שד העצמאות 64, קריית גת",38.0,קריית גת
2026-07-31 00:40:49.776055,,maccabi,גסטרואנטרולוגיה,דר נוה פיירשטיין,"נתיבות שלום 16, קריית גת",,קריית גת
2026-07-31 00:40:49.776055,,maccabi,גריאטריה,דר ילנה רבייב,"התקוה 4, באר שבע",,באר שבע
2026-07-31 00:40:49.776055,,maccabi,גריאטריה,דר ולנטין יורקביץ,"התקוה 4, באר שבע",,באר שבע
2026-07-31 00:40:49.776055,,maccabi,גריאטריה,דר יבגני מקולין,"התקוה 4, באר שבע",,באר שבע
2026-07-31 00:40:49.776055,2027-02-08 14:45:00,maccabi,גריאטריה,דר ילנה רבייב,"שד גולדה מאיר 20, דימונה",192.0,דימונה
2026-07-31 00:40:49.776055,2026-12-02 11:00:00,maccabi,גריאטריה,דר ולנטין יורקביץ,"שד גולדה מאיר 20, דימונה",124.0,דימונה
2026-07-31 00:40:49.776055,2026-12-31 16:00:00,maccabi,גריאטריה,דר יבגני מקולין,"שד הרצל 36, אופקים",153.0,אופקים
2026-07-31 00:40:49.776055,2026-10-20 09:00:00,maccabi,גריאטריה,דר ולנטין יורקביץ,"שמעון 13, ערד",81.0,ערד
2026-07-31 00:40:49.776055,,maccabi,גריאטריה,דר ולנטין יורקביץ,"שד העצמאות 64, קריית גת",,קריית גת
2026-07-31 00:40:49.776055,,maccabi,המטואונקולוגיה,דר גל יום טוב,"התקוה 4, באר שבע",,באר שבע
2026-07-31 00:40:49.776055,2026-10-12 16:50:00,maccabi,המטואונקולוגיה,דר ויקטור קוזלוב,"התקוה 4, באר שבע",73.0,באר שבע
2026-07-31 00:40:49.776055,2026-10-05 10:50:00,maccabi,המטואונקולוגיה,דר איגור קורסונסקי,"התקוה 4, באר שבע",66.0,באר שבע
2026-07-31 00:40:49.776055,,maccabi,המטולוגיה,דר גל יום טוב,"התקוה 4, באר שבע",,באר שבע
2026-07-31 00:40:49.776055,2026-10-12 16:50:00,maccabi,המטולוגיה,דר ויקטור קוזלוב,"התקוה 4, באר שבע",73.0,באר שבע
2026-07-31 00:40:49.776055,2026-10-05 10:50:00,maccabi,המטולוגיה,דר איגור קורסונסקי,"התקוה 4, באר שבע",66.0,באר שבע
2026-07-31 00:40:49.776055,,maccabi,הפרעת קשב ופעלתנות יתר במבוגרים, רופאים מרפאת,", אונליין בווידאו",,אונליין בווידאו
2026-07-31 00:40:49.776055,,maccabi,הפרעת קשב ופעלתנות יתר במבוגרים,דר מנשה מני עמראן,"שדרות המייסדים 1, מיתר",,מיתר
2026-07-31 00:40:49.776055,2026-11-15 12:00:00,maccabi,הפרעת קשב ופעלתנות יתר במבוגרים,דר זאב לוזון,"השלום 70, באר שבע",107.0,באר שבע
2026-07-31 00:40:49.776055,,maccabi,הפרעת קשב ופעלתנות יתר במבוגרים,דר מוחמד בדארנה,"פריאר רחה 9, באר שבע",,באר שבע
2026-07-31 00:40:49.776055,,maccabi,הפרעת קשב ופעלתנות יתר במבוגרים,דר ולדיסלבה גורמן,"פריאר רחה 9, באר שבע",,באר שבע
2026-07-31 00:40:49.776055,,maccabi,הפרעת קשב ופעלתנות יתר במבוגרים,דר אופיר זלצברג,"פריאר רחה 9, באר שבע",,באר שבע
2026-07-31 00:40:49.776055,,maccabi,הפרעת קשב ופעלתנות יתר במבוגרים,דר יאן יאנקובסקי,"פריאר רחה 9, באר שבע",,באר שבע
2026-07-31 00:40:49.776055,,maccabi,הפרעת קשב ופעלתנות יתר במבוגרים,דר אבראהים אבו סלאמה,"התקוה 4, באר שבע",,באר שבע
2026-07-31 00:40:49.776055,2027-01-14 13:30:00,maccabi,הפרעת קשב ופעלתנות יתר במבוגרים,דר איליה טרחטנברוייט,"התקוה 4, באר שבע",167.0,באר שבע
2026-07-31 00:40:49.776055,,maccabi,הפרעת קשב ופעלתנות יתר במבוגרים, נוירולוגית מרפאה,"התקוה 4, באר שבע",,באר שבע
2026-07-31 00:40:49.776055,2026-08-27 16:20:00,maccabi,הפרעת קשב ופעלתנות יתר במבוגרים,דר פלורנסיה דיאז גרמוי,"התקוה 4, באר שבע",27.0,באר שבע
2026-07-31 00:40:49.776055,,maccabi,הפרעת קשב ופעלתנות יתר במבוגרים,דר מייקל סטאר,"התקוה 4, באר שבע",,באר שבע
2026-07-31 00:40:49.776055,2026-11-02 11:10:00,maccabi,הפרעת קשב ופעלתנות יתר במבוגרים,דר הלנה קרבובסקי,"שד רגר יצחק 11, באר שבע",94.0,באר שבע
2026-07-31 00:40:49.776055,2027-03-10 16:00:00,maccabi,הפרעת קשב ופעלתנות יתר במבוגרים,דר סופיה יריש,"בית אל 31, באר שבע",222.0,באר שבע
2026-07-31 00:40:49.776055,,maccabi,הפרעת קשב ופעלתנות יתר במבוגרים,דר שחר חיים רובינזון,"שד גולדה מאיר 20, דימונה",,דימונה
2026-07-31 00:40:49.776055,2026-10-28 12:00:00,maccabi,הפרעת קשב ופעלתנות יתר במבוגרים,דר יצחק פייבל לויסמן,"שד הרצל 36, אופקים",89.0,אופקים
2026-07-31 00:40:49.776055,2026-08-12 09:00:00,maccabi,הפרעת קשב ופעלתנות יתר במבוגרים,דר אירנה מיטלמן,"שמעון 13, ערד",12.0,ערד
2026-07-31 00:40:49.776055,2026-12-21 18:20:00,maccabi,הפרעת קשב ופעלתנות יתר במבוגרים,דר אנדריי אובנניאן,"שמעון 13, ערד",143.0,ערד
2026-07-31 00:40:49.776055,,maccabi,הפרעת קשב ופעלתנות יתר במבוגרים,דר יוליה גיידוק,"בורנשטיין צבי 199, ירוחם",,ירוחם
2026-07-31 00:40:49.776055,2026-11-10 10:00:00,maccabi,הפרעת קשב ופעלתנות יתר במבוגרים,דר לאוניד קרבץ,"גני טל 2, נתיבות",102.0,נתיבות
2026-07-31 00:40:49.776055,,maccabi,הפרעת קשב ופעלתנות יתר במבוגרים,דר אירנה מיטלמן,"שד העצמאות 64, קריית גת",,קריית גת
2026-07-31 00:40:49.776055,2026-11-05 11:15:00,maccabi,הפרעת קשב ופעלתנות יתר במבוגרים,דר לאוניד קרבץ,"שד העצמאות 64, קריית גת",97.0,קריית גת
2026-07-31 00:40:49.776055,2026-08-24 14:35:00,maccabi,טיפול בכאב,דר אלון שלב,"שד העצמאות 64, קריית גת",24.0,קריית גת
2026-07-31 00:40:49.776055,,maccabi,ייעוץ מיני,דר יצחק בן ציון,"רותם 35, עומר",,עומר
2026-07-31 00:40:49.776055,2026-08-02 07:30:00,maccabi,ילדים,דר מנשה מני עמראן,"שדרות המייסדים 1, מיתר",2.0,מיתר
2026-07-31 00:40:49.776055,2026-08-17 10:15:00,maccabi,ילדים,דר רונן מאנקיטה,"שדרות המייסדים 1, מיתר",17.0,מיתר
2026-07-31 00:40:49.776055,2026-08-03 08:45:00,maccabi,ילדים,דר לודמילה פרילוצקי,"שדרות המייסדים 1, מיתר",3.0,מיתר
2026-07-31 00:40:49.776055,2026-08-02 08:00:00,maccabi,ילדים,דר יקטרינה שטרמן,"שדרות המייסדים 1, מיתר",2.0,מיתר
2026-07-31 00:40:49.776055,2026-08-02 08:00:00,maccabi,ילדים,דר אחמד אלשייך,"דפנה 10, עומר",2.0,עומר
2026-07-31 00:40:49.776055,2026-08-02 08:00:00,maccabi,ילדים,דר אווה סטר,"שריג נחום 33, באר שבע",2.0,באר שבע
2026-07-31 00:40:49.776055,2026-08-07 08:30:00,maccabi,ילדים,דר מריה מרון,"נחל פרת 20, באר שבע",7.0,באר שבע
2026-07-31 00:40:49.776055,2026-08-03 08:45:00,maccabi,ילדים,דר נסרין אלעתאמין,"נחל פרת 20, באר שבע",3.0,באר שבע
2026-07-31 00:40:49.776055,2026-08-03 08:15:00,maccabi,ילדים,דר סמיון אפשטיין,"שינדלר אוסקר 32, באר שבע",3.0,באר שבע
2026-07-31 00:40:49.776055,2026-08-02 09:20:00,maccabi,ילדים,דר טוליו בריק,"שינדלר אוסקר 32, באר שבע",2.0,באר שבע
2026-07-31 00:40:49.776055,2026-08-03 09:24:00,maccabi,ילדים,דר ולדימיר מילינבסקי,"שינדלר אוסקר 32, באר שבע",3.0,באר שבע
2026-07-31 00:40:49.776055,2026-08-03 07:48:00,maccabi,ילדים,דר פלורנסיה דיאז גרמוי,"שינדלר אוסקר 32, באר שבע",3.0,באר שבע
2026-07-31 00:40:49.776055,2026-08-05 08:00:00,maccabi,ילדים,דר ענבל קסטנבאום,"מועצה אזורית הר חברון, מיתרים",5.0,מיתרים
2026-07-31 00:40:49.776055,2026-08-02 09:15:00,maccabi,ילדים,דר מוריה גל,"מועצה אזורית הר חברון, מיתרים",2.0,מיתרים
2026-07-31 00:40:49.776055,2026-08-02 08:00:00,maccabi,ילדים,דר דינה מיכאלי,"רימון 1, להבים",2.0,להבים
2026-07-31 00:40:49.776055,2026-08-02 08:00:00,maccabi,ילדים,דר חיים ביטרן,"רימון 1, להבים",2.0,להבים
2026-07-31 00:40:49.776055,2026-08-02 17:30:00,maccabi,ילדים,דר מיכל מימון,"רימון 1, להבים",2.0,להבים
2026-07-31 00:40:49.776055,2026-08-03 08:30:00,maccabi,ילדים,דר מרינה כהן,"הרב הרצוג 2, באר שבע",3.0,באר שבע
2026-07-31 00:40:49.776055,2026-08-02 10:45:00,maccabi,ילדים,דר אלכסנדר רשקובן,"הרב הרצוג 2, באר שבע",2.0,באר שבע
2026-07-31 00:40:49.776055,2026-08-03 11:10:00,maccabi,ילדים,דר אולגה לוין,"בית אל 31, באר שבע",3.0,באר שבע
2026-07-31 00:40:49.776055,2026-08-02 15:45:00,maccabi,ילדים,דר טטיאנה רוזנטל,"בית אל 31, באר שבע",2.0,באר שבע
2026-07-31 00:40:49.776055,2026-08-02 08:40:00,maccabi,ילדים,דר ירון סרוסי,"בית אל 31, באר שבע",2.0,באר שבע
2026-07-31 00:40:49.776055,2026-08-03 11:30:00,maccabi,ילדים,דר נטליה ביליאר,"יוהנה ז'בוטינסקי 30, באר שבע",3.0,באר שבע
2026-07-31 00:40:49.776055,2026-08-02 08:00:00,maccabi,ילדים,דר ברוך מנדלצוויג,"יוהנה ז'בוטינסקי 30, באר שבע",2.0,באר שבע
2026-07-31 00:40:49.776055,2026-08-05 08:45:00,maccabi,ילדים,דר אור בקשי,"יוהנה ז'בוטינסקי 30, באר שבע",5.0,באר שבע
2026-07-31 00:40:49.776055,2026-08-03 14:00:00,maccabi,ילדים,דר מירב אליהו בסין,"יוהנה ז'בוטינסקי 30, באר שבע",3.0,באר שבע
2026-07-31 00:40:49.776055,2026-08-12 10:30:00,maccabi,ילדים,דר ריטה אבוביץ,"יוהנה ז'בוטינסקי 30, באר שבע",12.0,באר שבע
2026-07-31 00:40:49.776055,2026-08-02 08:10:00,maccabi,ילדים,דר אריק ג'ייסון האס,"לרון אפרים 112, באר שבע",2.0,באר שבע
2026-07-31 00:40:49.776055,2026-08-04 15:06:00,maccabi,ילדים,דר ולדימיר מילינבסקי,"לרון אפרים 112, באר שבע",4.0,באר שבע
2026-07-31 00:40:49.776055,2026-08-02 08:00:00,maccabi,ילדים,דר עמאד אלעמור,"מכבי שירותי בריאות, כסיפה",2.0,כסיפה
2026-07-31 00:40:49.776055,2026-08-02 15:30:00,maccabi,ילדים,דר תמר אנקרי נבו,"הגפן 1, שקף",2.0,שקף
2026-07-31 00:40:49.776055,2026-08-02 11:15:00,maccabi,ילדים,דר קסניה גניס,"שד גולדה מאיר 20, דימונה",2.0,דימונה
2026-07-31 00:40:49.776055,2026-08-03 14:40:00,maccabi,ילדים,דר ליאונרד איזנווה,"שד גולדה מאיר 20, דימונה",3.0,דימונה
2026-07-31 00:40:49.776055,2026-08-02 08:40:00,maccabi,ילדים,דר דן גלר,"שד גולדה מאיר 20, דימונה",2.0,דימונה
2026-07-31 00:40:49.776055,2026-08-02 09:45:00,maccabi,ילדים,דר טטיאנה זוסמן,"שד גולדה מאיר 20, דימונה",2.0,דימונה
2026-07-31 00:40:49.776055,,maccabi,ילדים,דר טלי-רחל טורם,"הגפן 8, אליאב",,אליאב
2026-07-31 00:40:49.776055,2026-08-02 10:00:00,maccabi,ילדים,דר טטיאנה ליפשיץ,"בן איש חי 1530, אופקים",2.0,אופקים
2026-07-31 00:40:49.776055,2026-08-04 08:30:00,maccabi,ילדים,דר לי אבנת,"בן איש חי 1530, אופקים",4.0,אופקים
2026-07-31 00:40:49.776055,2026-08-03 08:15:00,maccabi,ילדים,דר דורה קרקיס,"בן איש חי 1530, אופקים",3.0,אופקים
2026-07-31 00:40:49.776055,2026-08-03 12:12:00,maccabi,ילדים,דר עדן זהבי,"הרב עובדיה יוסף 10, אופקים",3.0,אופקים
2026-07-31 00:40:49.776055,2026-08-02 11:00:00,maccabi,ילדים,דר ג'בר אבו-עאבד,"שד הרצל 36, אופקים",2.0,אופקים
2026-07-31 00:40:49.776055,2026-08-03 09:15:00,maccabi,ילדים,דר אירנה קלמנוביץ',"שד הרצל 36, אופקים",3.0,אופקים
2026-07-31 00:40:49.776055,2026-08-05 10:30:00,maccabi,ילדים,דר לודמילה רדום,"בן יאיר אלעזר 39, ערד",5.0,ערד
2026-07-31 00:40:49.776055,2026-08-02 14:40:00,maccabi,ילדים,דר יקטרינה שטרמן,"שמעון 13, ערד",2.0,ערד
2026-07-31 00:40:49.776055,2026-08-02 08:00:00,maccabi,ילדים,דר סופיה חבצקין,"שמעון 13, ערד",2.0,ערד
2026-07-31 00:40:49.776055,2026-08-02 08:00:00,maccabi,ילדים,דר אירינה גורדז'י,"שמעון 13, ערד",2.0,ערד
2026-07-31 00:40:49.776055,2026-08-04 08:45:00,maccabi,ילדים,דר שפיק אבו עראר,"שמעון 13, ערד",4.0,ערד
2026-07-31 00:40:49.776055,2026-08-06 12:15:00,maccabi,ילדים,דר שלומי שי קלייטמן,"שמעון 13, ערד",6.0,ערד
2026-07-31 00:40:49.776055,2026-08-03 08:00:00,maccabi,ילדים,דר עמאד אלעמור,"שמעון 13, ערד",3.0,ערד
2026-07-31 00:40:49.776055,2026-08-02 11:00:00,maccabi,ילדים,דר אור צדוק זהבי,"בורנשטיין צבי 199, ירוחם",2.0,ירוחם
2026-07-31 00:40:49.776055,2026-08-02 12:30:00,maccabi,ילדים,דר אינגריד קרינה פיינווקס לוי,"בורנשטיין צבי 199, ירוחם",2.0,ירוחם
2026-07-31 00:40:49.776055,2026-08-02 17:15:00,maccabi,ילדים,דר אסתי פורר,"בורנשטיין צבי 199, ירוחם",2.0,ירוחם
2026-07-31 00:40:49.776055,2026-08-03 08:50:00,maccabi,ילדים,דר אהוד משל,"שד ירושלים 18, נתיבות",3.0,נתיבות
2026-07-31 00:40:49.776055,2026-08-02 15:20:00,maccabi,ילדים,פרופ אשר אלחיאני,"שד ירושלים 18, נתיבות",2.0,נתיבות
2026-07-31 00:40:49.776055,2026-08-02 09:45:00,maccabi,ילדים,דר בוריס קוסטנצקי,"שד ירושלים 18, נתיבות",2.0,נתיבות
2026-07-31 00:40:49.776055,2026-08-02 09:00:00,maccabi,ילדים,דר אסתי פורר,"מועצה אזורית רמת הנגב, רמת הנגב",2.0,רמת הנגב
2026-07-31 00:40:49.776055,2026-08-09 16:40:00,maccabi,ילדים,דר מוריס ביטון,"שד ירושלים 136, נתיבות",9.0,נתיבות
2026-07-31 00:40:49.776055,2026-08-17 08:15:00,maccabi,ילדים,דר מרים מירה גלאם-ברוך,"גני טל 2, נתיבות",17.0,נתיבות
2026-07-31 00:40:49.776055,2026-08-27 09:30:00,maccabi,ילדים,דר רוסלן קמרלי,"שד מלכי ישראל 178, קריית גת",27.0,קריית גת
2026-07-31 00:40:49.776055,2026-08-13 09:10:00,maccabi,ילדים,דר דנה כץ קרפאק,"שד מלכי ישראל 178, קריית גת",13.0,קריית גת
2026-07-31 00:40:49.776055,2026-08-24 10:20:00,maccabi,ילדים,דר אלון שלב,"שד העצמאות 64, קריית גת",24.0,קריית גת
2026-07-31 00:40:49.776055,2026-08-12 09:10:00,maccabi,ילדים,דר יעל אורקין,"שד העצמאות 64, קריית גת",12.0,קריית גת
2026-07-31 00:40:49.776055,2026-08-11 09:30:00,maccabi,ילדים,דר אברהם בדיחי,"שד העצמאות 64, קריית גת",11.0,קריית גת
2026-07-31 00:40:49.776055,2026-08-02 08:57:00,maccabi,ילדים,דר אוריאל עזרא,"אדוריים 101, קריית גת",2.0,קריית גת
2026-07-31 00:40:49.776055,2026-08-03 11:00:00,maccabi,ילדים,דר תמר אנקרי נבו,"אדוריים 101, קריית גת",3.0,קריית גת
2026-07-31 00:40:49.776055,2026-08-02 15:00:00,maccabi,ילדים,דר אילן יהושע,"שדרות אבני החושן 1, קריית גת",2.0,קריית גת
2026-07-31 00:40:49.776055,2026-08-04 13:15:00,maccabi,ילדים,דר סמדר ריין,"שדרות אבני החושן 1, קריית גת",4.0,קריית גת
2026-07-31 00:40:49.776055,2026-08-02 14:00:00,maccabi,ילדים,דר יעל ברנדוימן,"שדרות אבני החושן 1, קריית גת",2.0,קריית גת
2026-07-31 00:40:49.776055,2026-08-06 13:10:00,maccabi,ילדים,דר רוסלן קמרלי,"נתיבות שלום 16, קריית גת",6.0,קריית גת
2026-07-31 00:40:49.776055,2026-08-02 08:00:00,maccabi,ילדים,דר אילן יהושע,"נתיבות שלום 16, קריית גת",2.0,קריית גת
2026-07-31 00:40:49.776055,2026-08-03 11:00:00,maccabi,ילדים,דר סמדר ריין,"נתיבות שלום 16, קריית גת",3.0,קריית גת
2026-07-31 00:40:49.776055,2026-09-07 13:00:00,maccabi,ילדים - אורולוגיה,דר עדית דובי סובול,"פריאר רחה 9, באר שבע",38.0,באר שבע
2026-07-31 00:40:49.776055,,maccabi,ילדים - אורולוגיה,דר עדית דובי סובול,"בורנשטיין צבי 199, ירוחם",,ירוחם
2026-07-31 00:40:49.776055,2026-09-03 11:24:00,maccabi,ילדים - אורולוגיה,דר עדית דובי סובול,"גני טל 2, נתיבות",34.0,נתיבות
2026-07-31 00:40:49.776055,,maccabi,ילדים - אורתופדיה,דר רוברט שוורץ,"התקוה 4, באר שבע",,באר שבע
2026-07-31 00:40:49.776055,,maccabi,ילדים - אורתופדיה,דר מחמד אל דאדא,"התקוה 4, באר שבע",,באר שבע
2026-07-31 00:40:49.776055,,maccabi,ילדים - אורתופדיה,דר מחמד אל דאדא,"מכבי שירותי בריאות, כסיפה",,כסיפה
2026-07-31 00:40:49.776055,2026-09-16 08:10:00,maccabi,ילדים - אורתופדיה,דר מוחמד אבו תיר,"שמעון 13, ערד",47.0,ערד
2026-07-31 00:40:49.776055,2026-08-27 17:40:00,maccabi,ילדים - אורתופדיה,דר מחמד אל דאדא,"שמעון 13, ערד",27.0,ערד
2026-07-31 00:40:49.776055,,maccabi,ילדים - אורתופדיה,דר אלכסנדר בוקי,"אדוריים 101, קריית גת",,קריית גת
2026-07-31 00:40:49.776055,2026-12-22 17:15:00,maccabi,ילדים - אנדוקרינולוגיה,דר נטע לבנטל,"התקוה 4, באר שבע",144.0,באר שבע
2026-07-31 00:40:49.776055,,maccabi,ילדים - אנדוקרינולוגיה,דר אלון פרפל,"גני טל 2, נתיבות",,נתיבות
2026-07-31 00:40:49.776055,,maccabi,ילדים - גסטרואנטרולוגיה,דר ברוך ירושלמי,"בן צבי יצחק 12, באר שבע",,באר שבע
2026-07-31 00:40:49.776055,2026-08-13 09:20:00,maccabi,ילדים - המטולוגיה,דר יוסף קפלושניק,"התקוה 4, באר שבע",13.0,באר שבע
2026-07-31 00:40:49.776055,2026-08-04 12:20:00,maccabi,ילדים - המטולוגיה,דר ג'בר אבו-עאבד,"התקוה 4, באר שבע",4.0,באר שבע
2026-07-31 00:40:49.776055,,maccabi,ילדים - הפרעת קשב ופעלתנות יתר בילדים, רופאים מרפאת,", אונליין בווידאו",,אונליין בווידאו
2026-07-31 00:40:49.776055,,maccabi,ילדים - הפרעת קשב ופעלתנות יתר בילדים,דר מנשה מני עמראן,"שדרות המייסדים 1, מיתר",,מיתר
2026-07-31 00:40:49.776055,2026-11-03 18:20:00,maccabi,ילדים - הפרעת קשב ופעלתנות יתר בילדים,פרופ שי מנשקו,"התקוה 4, באר שבע",95.0,באר שבע
2026-07-31 00:40:49.776055,2026-09-23 11:45:00,maccabi,ילדים - הפרעת קשב ופעלתנות יתר בילדים,דר מירב אליהו בסין,"התקוה 4, באר שבע",54.0,באר שבע
2026-07-31 00:40:49.776055,,maccabi,ילדים - הפרעת קשב ופעלתנות יתר בילדים,דר מוניר אבו מדעים,"התקוה 4, באר שבע",,באר שבע
2026-07-31 00:40:49.776055,,maccabi,ילדים - הפרעת קשב ופעלתנות יתר בילדים,דר יקטרינה קובלונוק,"הרב הרצוג 2, באר שבע",,באר שבע
2026-07-31 00:40:49.776055,2026-10-06 18:00:00,maccabi,ילדים - הפרעת קשב ופעלתנות יתר בילדים,דר סוהיל חלאילה,"הרב הרצוג 2, באר שבע",67.0,באר שבע
2026-07-31 00:40:49.776055,2026-10-28 12:00:00,maccabi,ילדים - הפרעת קשב ופעלתנות יתר בילדים,דר יצחק פייבל לויסמן,"שד הרצל 36, אופקים",89.0,אופקים
2026-07-31 00:40:49.776055,,maccabi,ילדים - הפרעת קשב ופעלתנות יתר בילדים,דר ג'בר אבו-עאבד,"שד הרצל 36, אופקים",,אופקים
2026-07-31 00:40:49.776055,,maccabi,ילדים - הפרעת קשב ופעלתנות יתר בילדים,דר ג'בר אבו-עאבד,"שמעון 13, ערד",,ערד
2026-07-31 00:40:49.776055,,maccabi,ילדים - הפרעת קשב ופעלתנות יתר בילדים,דר שני עידן ראובן,"אליהו אילוז 2, נתיבות",,נתיבות
2026-07-31 00:40:49.776055,,maccabi,ילדים - הפרעת קשב ופעלתנות יתר בילדים,דר מוניר אבו מדעים,"אליהו אילוז 2, נתיבות",,נתיבות
2026-07-31 00:40:49.776055,,maccabi,ילדים - הפרעת קשב ופעלתנות יתר בילדים,דר ורד ברזילי פסח,"אדוריים 101, קריית גת",,קריית גת
2026-07-31 00:40:49.776055,2026-08-13 16:40:00,maccabi,ילדים - כירורגיה,דר ודים קפולר,"התקוה 4, באר שבע",13.0,באר שבע
2026-07-31 00:40:49.776055,2026-08-27 10:05:00,maccabi,ילדים - כירורגיה,דר ודים קפולר,"שמעון 13, ערד",27.0,ערד
2026-07-31 00:40:49.776055,2026-08-18 14:20:00,maccabi,ילדים - כירורגיה,דר אולג קליינר,"גני טל 2, נתיבות",18.0,נתיבות
2026-07-31 00:40:49.776055,2026-08-23 16:50:00,maccabi,ילדים - מחלות ריאה,דר אלינה אבנשטיין,"אדוריים 101, קריית גת",23.0,קריית גת
2026-07-31 00:40:49.776055,2026-11-03 18:20:00,maccabi,ילדים - נוירולוגיה,פרופ שי מנשקו,"התקוה 4, באר שבע",95.0,באר שבע
2026-07-31 00:40:49.776055,,maccabi,ילדים - נוירולוגיה,דר מוניר אבו מדעים,"התקוה 4, באר שבע",,באר שבע
2026-07-31 00:40:49.776055,,maccabi,ילדים - נוירולוגיה,דר מוניר אבו מדעים,"אליהו אילוז 2, נתיבות",,נתיבות
2026-07-31 00:40:49.776055,,maccabi,ילדים - נוירולוגיה,דר ורד ברזילי פסח,"אדוריים 101, קריית גת",,קריית גת
2026-07-31 00:40:49.776055,,maccabi,ילדים - נפרולוגיה,דר רותי שרייבר,"יצחק נפחא 25, באר שבע",,באר שבע
2026-07-31 00:40:49.776055,,maccabi,ילדים - נפרולוגיה,פרופ דניאל לנדאו,"יוסי הבורסקאי 1, באר שבע",,באר שבע
2026-07-31 00:40:49.776055,2026-08-13 10:45:00,maccabi,ילדים - עור,דר רונן מגון,"פריאר רחה 9, באר שבע",13.0,באר שבע
2026-07-31 00:40:49.776055,,maccabi,ילדים - עור,דר יהונתן בירון,"התקוה 4, באר שבע",,באר שבע
2026-07-31 00:40:49.776055,2026-08-17 17:00:00,maccabi,ילדים - עור,פרופ מרסלו גרינוולד,"שד רגר יצחק 28, באר שבע",17.0,באר שבע
2026-07-31 00:40:49.776055,2026-09-02 16:20:00,maccabi,ילדים - עור,פרופ מרסלו גרינוולד,"התקוה 4, באר שבע",33.0,באר שבע
2026-07-31 00:40:49.776055,2026-10-07 16:30:00,maccabi,ילדים - עור,דר אבי שי,"התקוה 4, באר שבע",68.0,באר שבע
2026-07-31 00:40:49.776055,2026-08-24 08:45:00,maccabi,ילדים - עור,דר נדיה זבלוצקי,"התקוה 4, באר שבע",24.0,באר שבע
2026-07-31 00:40:49.776055,,maccabi,ילדים - עור,דר אבי שי,"שד רגר יצחק 22, באר שבע",,באר שבע
2026-07-31 00:40:49.776055,,maccabi,ילדים - עור,דר נדיה זבלוצקי,"מזר בנימין 20, באר שבע",,באר שבע
2026-07-31 00:40:49.776055,2026-09-01 09:25:00,maccabi,ילדים - עור,דר יגאל סברדלוב,"לרון אפרים 112, באר שבע",32.0,באר שבע
2026-07-31 00:40:49.776055,,maccabi,ילדים - עור,דר עדי סעדיה,"שד גולדה מאיר 20, דימונה",,דימונה
2026-07-31 00:40:49.776055,2026-09-14 08:06:00,maccabi,ילדים - עור,דר רונן מגון,"שד הרצל 36, אופקים",45.0,אופקים
2026-07-31 00:40:49.776055,2026-08-24 10:55:00,maccabi,ילדים - עור,דר יהונתן בירון,"שמעון 13, ערד",24.0,ערד
2026-07-31 00:40:49.776055,2026-08-18 10:25:00,maccabi,ילדים - עור,פרופ מרסלו גרינוולד,"שמעון 13, ערד",18.0,ערד
2026-07-31 00:40:49.776055,2026-11-16 07:40:00,maccabi,ילדים - עור,דר את'יר מצאלחה,"גני טל 2, נתיבות",108.0,נתיבות
2026-07-31 00:40:49.776055,2026-11-09 08:00:00,maccabi,ילדים - עור,דר ודים גקמן,"שד מלכי ישראל 178, קריית גת",101.0,קריית גת
2026-07-31 00:40:49.776055,,maccabi,ילדים - עור,דר יוסי ירושלמי,"שד העצמאות 64, קריית גת",,קריית גת
2026-07-31 00:40:49.776055,2026-09-24 16:50:00,maccabi,ילדים - קרדיולוגיה,פרופ אביבה לויטס,"יהודה הנחתום 6, באר שבע",55.0,באר שבע
2026-07-31 00:40:49.776055,,maccabi,ילדים - ראומטולוגיה,דר אדוארד לינג,"פריאר רחה 9, באר שבע",,באר שבע
2026-07-31 00:40:49.776055,2026-08-20 16:50:00,maccabi,כירורגיה,דר מיכאל ביים,"שדרות המייסדים 1, מיתר",20.0,מיתר
2026-07-31 00:40:49.776055,2026-08-11 18:40:00,maccabi,כירורגיה,דר ניר כהן,"שדרות המייסדים 1, מיתר",11.0,מיתר
2026-07-31 00:40:49.776055,2026-11-29 16:00:00,maccabi,כירורגיה,פרופ לאוניד לנצברג,"דפנה 10, עומר",121.0,עומר
2026-07-31 00:40:49.776055,2026-08-11 16:20:00,maccabi,כירורגיה,דר ניר כהן,"דפנה 10, עומר",11.0,עומר
2026-07-31 00:40:49.776055,2026-08-25 12:10:00,maccabi,כירורגיה,פרופ לאוניד לנצברג,"התקוה 4, באר שבע",25.0,באר שבע
2026-07-31 00:40:49.776055,2026-11-09 19:20:00,maccabi,כירורגיה,דר גאורגי גרינברג,"התקוה 4, באר שבע",101.0,באר שבע
2026-07-31 00:40:49.776055,2026-09-07 17:10:00,maccabi,כירורגיה,דר מיכאל ביים,"התקוה 4, באר שבע",38.0,באר שבע
2026-07-31 00:40:49.776055,2026-11-15 16:25:00,maccabi,כירורגיה,פרופ אלדד זילברשטיין,"התקוה 4, באר שבע",107.0,באר שבע
2026-07-31 00:40:49.776055,2026-08-12 15:18:00,maccabi,כירורגיה,פרופ בוריס קירשטיין,"התקוה 4, באר שבע",12.0,באר שבע
2026-07-31 00:40:49.776055,2026-08-09 15:36:00,maccabi,כירורגיה,דר אברהם רשף,"התקוה 4, באר שבע",9.0,באר שבע
2026-07-31 00:40:49.776055,2027-03-18 15:48:00,maccabi,כירורגיה,דר רוית אגסי,"התקוה 4, באר שבע",230.0,באר שבע
2026-07-31 00:40:49.776055,2026-11-12 15:10:00,maccabi,כירורגיה,דר אודי מאור,"התקוה 4, באר שבע",104.0,באר שבע
2026-07-31 00:40:49.776055,2026-10-11 14:34:00,maccabi,כירורגיה,דר תמי ציוני,"התקוה 4, באר שבע",72.0,באר שבע
2026-07-31 00:40:49.776055,2026-10-04 14:10:00,maccabi,כירורגיה,דר דריה ליכטמן,"התקוה 4, באר שבע",65.0,באר שבע
2026-07-31 00:40:49.776055,2026-08-13 16:40:00,maccabi,כירורגיה,דר ודים קפולר,"התקוה 4, באר שבע",13.0,באר שבע
2026-07-31 00:40:49.776055,2026-08-03 16:33:00,maccabi,כירורגיה,דר אלחנן קווינט,"התקוה 4, באר שבע",3.0,באר שבע
2026-07-31 00:40:49.776055,2026-08-16 15:30:00,maccabi,כירורגיה,דר אלכסנדר וחרושב,"התקוה 4, באר שבע",16.0,באר שבע
2026-07-31 00:40:49.776055,2026-08-04 13:10:00,maccabi,כירורגיה,דר סרגיי דומצ'יק,"התקוה 4, באר שבע",4.0,באר שבע
2026-07-31 00:40:49.776055,,maccabi,כירורגיה,דר תומר אייזנברג,"התקוה 4, באר שבע",,באר שבע
2026-07-31 00:40:49.776055,2026-08-04 15:00:00,maccabi,כירורגיה,דר אליעזר אבינח,"שד רגר יצחק 22, באר שבע",4.0,באר שבע
2026-07-31 00:40:49.776055,,maccabi,כירורגיה,דר ניר כהן,"מועצה אזורית הר חברון, מיתרים",,מיתרים
2026-07-31 00:40:49.776055,2026-08-02 16:00:00,maccabi,כירורגיה,דר עבד אל רחמן אבו גנים,"מרכז מסחרי, רהט",2.0,רהט
2026-07-31 00:40:49.776055,2026-08-02 10:45:00,maccabi,כירורגיה,דר אודית איטה גיבור,"שד גולדה מאיר 20, דימונה",2.0,דימונה
2026-07-31 00:40:49.776055,2026-08-05 16:30:00,maccabi,כירורגיה,דר ניר כהן,"שד גולדה מאיר 20, דימונה",5.0,דימונה
2026-07-31 00:40:49.776055,2026-10-05 12:10:00,maccabi,כירורגיה,דר אודית איטה גיבור,"שד הרצל 36, אופקים",66.0,אופקים
2026-07-31 00:40:49.776055,2026-08-16 09:24:00,maccabi,כירורגיה,דר תמי ציוני,"בן יאיר אלעזר 39, ערד",16.0,ערד
2026-07-31 00:40:49.776055,2026-08-27 10:05:00,maccabi,כירורגיה,דר ודים קפולר,"שמעון 13, ערד",27.0,ערד
2026-07-31 00:40:49.776055,2026-08-09 15:30:00,maccabi,כירורגיה,דר סרגיי דומצ'יק,"שמעון 13, ערד",9.0,ערד
2026-07-31 00:40:49.776055,2026-09-16 17:00:00,maccabi,כירורגיה,דר אנטולי לייצין,"שמעון 13, ערד",47.0,ערד
2026-07-31 00:40:49.776055,2026-08-03 17:20:00,maccabi,כירורגיה,דר גיא ברסקי,"שמעון 13, ערד",3.0,ערד
2026-07-31 00:40:49.776055,2026-08-26 14:40:00,maccabi,כירורגיה,דר ניר כהן,"בורנשטיין צבי 199, ירוחם",26.0,ירוחם
2026-07-31 00:40:49.776055,2026-09-15 10:40:00,maccabi,כירורגיה,דר אודית איטה גיבור,"גני טל 2, נתיבות",46.0,נתיבות
2026-07-31 00:40:49.776055,,maccabi,כירורגיה,דר סטניסלב קליוץ',"גני טל 2, נתיבות",,נתיבות
2026-07-31 00:40:49.776055,2026-08-11 16:40:00,maccabi,כירורגיה,דר לב מרגולין,"גני טל 2, נתיבות",11.0,נתיבות
2026-07-31 00:40:49.776055,2026-08-18 14:20:00,maccabi,כירורגיה,דר אולג קליינר,"גני טל 2, נתיבות",18.0,נתיבות
2026-07-31 00:40:49.776055,2026-08-10 17:30:00,maccabi,כירורגיה,דר אולג פונומרנקו,"שד העצמאות 64, קריית גת",10.0,קריית גת
2026-07-31 00:40:49.776055,2026-10-25 16:50:00,maccabi,כירורגיה,דר אודית איטה גיבור,"שד העצמאות 64, קריית גת",86.0,קריית גת
2026-07-31 00:40:49.776055,2026-08-10 15:15:00,maccabi,כירורגיה,דר עבד אל רחמן אבו גנים,"נתיבות שלום 16, קריית גת",10.0,קריית גת
2026-07-31 00:40:49.776055,2026-08-12 15:18:00,maccabi,כירורגיה - בריאטריה קיצור קיבה,פרופ בוריס קירשטיין,"התקוה 4, באר שבע",12.0,באר שבע
2026-07-31 00:40:49.776055,2026-08-16 15:30:00,maccabi,כירורגיה - בריאטריה קיצור קיבה,דר אלכסנדר וחרושב,"התקוה 4, באר שבע",16.0,באר שבע
2026-07-31 00:40:49.776055,2026-11-15 16:25:00,maccabi,כירורגיה פלסטית,פרופ אלדד זילברשטיין,"התקוה 4, באר שבע",107.0,באר שבע
2026-07-31 00:40:49.776055,2026-11-12 15:10:00,maccabi,כירורגיה פלסטית,דר אודי מאור,"התקוה 4, באר שבע",104.0,באר שבע
2026-07-31 00:40:49.776055,,maccabi,כירורגיה פלסטית,דר תומר אייזנברג,"התקוה 4, באר שבע",,באר שבע
2026-07-31 00:40:49.776055,2026-08-09 15:36:00,maccabi,כירורגיה פרוקטולוגית,דר אברהם רשף,"התקוה 4, באר שבע",9.0,באר שבע
2026-07-31 00:40:49.776055,2026-10-04 14:10:00,maccabi,כירורגיה פרוקטולוגית,דר דריה ליכטמן,"התקוה 4, באר שבע",65.0,באר שבע
2026-07-31 00:40:49.776055,2026-08-03 16:33:00,maccabi,כירורגיה פרוקטולוגית,דר אלחנן קווינט,"התקוה 4, באר שבע",3.0,באר שבע
2026-07-31 00:40:49.776055,,maccabi,כירורגיה של כף היד,דר סטניסלב קליוץ',"גני טל 2, נתיבות",,נתיבות
2026-07-31 00:40:49.776055,2026-08-20 16:50:00,maccabi,כירורגיית שד,דר מיכאל ביים,"שדרות המייסדים 1, מיתר",20.0,מיתר
2026-07-31 00:40:49.776055,2026-08-11 18:40:00,maccabi,כירורגיית שד,דר ניר כהן,"שדרות המייסדים 1, מיתר",11.0,מיתר
2026-07-31 00:40:49.776055,2026-08-11 16:20:00,maccabi,כירורגיית שד,דר ניר כהן,"דפנה 10, עומר",11.0,עומר
2026-07-31 00:40:49.776055,2026-09-07 17:10:00,maccabi,כירורגיית שד,דר מיכאל ביים,"התקוה 4, באר שבע",38.0,באר שבע
2026-07-31 00:40:49.776055,2026-08-12 15:18:00,maccabi,כירורגיית שד,פרופ בוריס קירשטיין,"התקוה 4, באר שבע",12.0,באר שבע
2026-07-31 00:40:49.776055,2026-08-09 15:36:00,maccabi,כירורגיית שד,דר אברהם רשף,"התקוה 4, באר שבע",9.0,באר שבע
2026-07-31 00:40:49.776055,2027-03-18 15:48:00,maccabi,כירורגיית שד,דר רוית אגסי,"התקוה 4, באר שבע",230.0,באר שבע
2026-07-31 00:40:49.776055,2026-10-11 14:34:00,maccabi,כירורגיית שד,דר תמי ציוני,"התקוה 4, באר שבע",72.0,באר שבע
2026-07-31 00:40:49.776055,2026-08-16 15:30:00,maccabi,כירורגיית שד,דר אלכסנדר וחרושב,"התקוה 4, באר שבע",16.0,באר שבע
2026-07-31 00:40:49.776055,2026-08-04 13:10:00,maccabi,כירורגיית שד,דר סרגיי דומצ'יק,"התקוה 4, באר שבע",4.0,באר שבע
2026-07-31 00:40:49.776055,2026-08-04 15:00:00,maccabi,כירורגיית שד,דר אליעזר אבינח,"שד רגר יצחק 22, באר שבע",4.0,באר שבע
2026-07-31 00:40:49.776055,,maccabi,כירורגיית שד,דר ניר כהן,"מועצה אזורית הר חברון, מיתרים",,מיתרים
2026-07-31 00:40:49.776055,2026-08-02 16:00:00,maccabi,כירורגיית שד,דר עבד אל רחמן אבו גנים,"מרכז מסחרי, רהט",2.0,רהט
2026-07-31 00:40:49.776055,2026-08-02 10:45:00,maccabi,כירורגיית שד,דר אודית איטה גיבור,"שד גולדה מאיר 20, דימונה",2.0,דימונה
2026-07-31 00:40:49.776055,2026-08-05 16:30:00,maccabi,כירורגיית שד,דר ניר כהן,"שד גולדה מאיר 20, דימונה",5.0,דימונה
2026-07-31 00:40:49.776055,2026-10-05 12:10:00,maccabi,כירורגיית שד,דר אודית איטה גיבור,"שד הרצל 36, אופקים",66.0,אופקים
2026-07-31 00:40:49.776055,2026-08-16 09:24:00,maccabi,כירורגיית שד,דר תמי ציוני,"בן יאיר אלעזר 39, ערד",16.0,ערד
2026-07-31 00:40:49.776055,2026-08-09 15:30:00,maccabi,כירורגיית שד,דר סרגיי דומצ'יק,"שמעון 13, ערד",9.0,ערד
2026-07-31 00:40:49.776055,2026-08-03 17:20:00,maccabi,כירורגיית שד,דר גיא ברסקי,"שמעון 13, ערד",3.0,ערד
2026-07-31 00:40:49.776055,2026-08-26 14:40:00,maccabi,כירורגיית שד,דר ניר כהן,"בורנשטיין צבי 199, ירוחם",26.0,ירוחם
2026-07-31 00:40:49.776055,2026-09-15 10:40:00,maccabi,כירורגיית שד,דר אודית איטה גיבור,"גני טל 2, נתיבות",46.0,נתיבות
2026-07-31 00:40:49.776055,2026-08-11 16:40:00,maccabi,כירורגיית שד,דר לב מרגולין,"גני טל 2, נתיבות",11.0,נתיבות
2026-07-31 00:40:49.776055,2026-08-10 17:30:00,maccabi,כירורגיית שד,דר אולג פונומרנקו,"שד העצמאות 64, קריית גת",10.0,קריית גת
2026-07-31 00:40:49.776055,2026-10-25 16:50:00,maccabi,כירורגיית שד,דר אודית איטה גיבור,"שד העצמאות 64, קריית גת",86.0,קריית גת
2026-07-31 00:40:49.776055,2026-08-10 15:15:00,maccabi,כירורגיית שד,דר עבד אל רחמן אבו גנים,"נתיבות שלום 16, קריית גת",10.0,קריית גת
2026-07-31 00:40:49.776055,2026-11-29 16:00:00,maccabi,כירורגית כלי דם,פרופ לאוניד לנצברג,"דפנה 10, עומר",121.0,עומר
2026-07-31 00:40:49.776055,2026-08-25 12:10:00,maccabi,כירורגית כלי דם,פרופ לאוניד לנצברג,"התקוה 4, באר שבע",25.0,באר שבע
2026-07-31 00:40:49.776055,2026-11-09 19:20:00,maccabi,כירורגית כלי דם,דר גאורגי גרינברג,"התקוה 4, באר שבע",101.0,באר שבע
2026-07-31 00:40:49.776055,2026-09-16 17:00:00,maccabi,כירורגית כלי דם,דר אנטולי לייצין,"שמעון 13, ערד",47.0,ערד
2026-07-31 00:40:49.776055,2026-11-02 15:50:00,maccabi,מחלות ריאה,דר לונה אבנון,"התקוה 4, באר שבע",94.0,באר שבע
2026-07-31 00:40:49.776055,2027-01-21 10:00:00,maccabi,מחלות ריאה,דר אביטל אבריאל,"התקוה 4, באר שבע",174.0,באר שבע
2026-07-31 00:40:49.776055,2026-10-13 18:45:00,maccabi,מחלות ריאה,דר אלכסנדר רוזוב,"שמעון 13, ערד",74.0,ערד
2026-07-31 00:40:49.776055,,maccabi,מחלות ריאה,דר אלכסנדר רוזוב,"שד העצמאות 64, קריית גת",,קריית גת
2026-07-31 00:40:49.776055,2026-08-23 16:50:00,maccabi,מחלות ריאה,דר אלינה אבנשטיין,"אדוריים 101, קריית גת",23.0,קריית גת
2026-07-31 00:40:49.776055,2026-08-02 07:30:00,maccabi,"משפחה,פנימית וכללית",דר מנשה מני עמראן,"שדרות המייסדים 1, מיתר",2.0,מיתר
2026-07-31 00:40:49.776055,2026-08-17 10:15:00,maccabi,"משפחה,פנימית וכללית",דר רונן מאנקיטה,"שדרות המייסדים 1, מיתר",17.0,מיתר
2026-07-31 00:40:49.776055,,maccabi,"משפחה,פנימית וכללית",דר אלון מס,"שדרות המייסדים 1, מיתר",,מיתר
2026-07-31 00:40:49.776055,2026-08-04 16:45:00,maccabi,"משפחה,פנימית וכללית",דר ניצן חלמיש,"דרורית 133, מיתר",4.0,מיתר
2026-07-31 00:40:49.776055,2026-08-03 20:54:00,maccabi,"משפחה,פנימית וכללית",דר יעל לצט בן עמי,"עיט 6/8, מיתר",3.0,מיתר
2026-07-31 00:40:49.776055,2026-08-02 08:00:00,maccabi,"משפחה,פנימית וכללית",דר עלי אבו גריבה,"אל-קודס 7, לקיה",2.0,לקיה
2026-07-31 00:40:49.776055,2026-08-02 08:00:00,maccabi,"משפחה,פנימית וכללית",דר ראד אלטלאלקה,"אל-קודס 7, לקיה",2.0,לקיה
2026-07-31 00:40:49.776055,2026-08-03 07:45:00,maccabi,"משפחה,פנימית וכללית",דר טטיאנה ברון,"דפנה 10, עומר",3.0,עומר
2026-07-31 00:40:49.776055,2026-08-02 08:45:00,maccabi,"משפחה,פנימית וכללית",דר בני מיכאלי,"דפנה 10, עומר",2.0,עומר
2026-07-31 00:40:49.776055,2026-08-02 11:00:00,maccabi,"משפחה,פנימית וכללית",דר אנטה פרוטס,"שריג נחום 33, באר שבע",2.0,באר שבע
2026-07-31 00:40:49.776055,2026-08-02 08:00:00,maccabi,"משפחה,פנימית וכללית",דר אווה סטר,"שריג נחום 33, באר שבע",2.0,באר שבע
2026-07-31 00:40:49.776055,2026-08-05 09:10:00,maccabi,"משפחה,פנימית וכללית",דר ויקטוריה סוסליאן,"הדעת 102, באר שבע",5.0,באר שבע
2026-07-31 00:40:49.776055,2026-08-02 08:20:00,maccabi,"משפחה,פנימית וכללית",דר אנסטסיה רובינא,"הדעת 102, באר שבע",2.0,באר שבע
2026-07-31 00:40:49.776055,2026-11-27 08:00:00,maccabi,"משפחה,פנימית וכללית",דר סארי אבו סעלוק,"הדעת 102, באר שבע",119.0,באר שבע
2026-07-31 00:40:49.776055,2026-08-02 08:10:00,maccabi,"משפחה,פנימית וכללית",דר מילכה מרדכייב,"הדעת 102, באר שבע",2.0,באר שבע
2026-07-31 00:40:49.776055,2026-08-07 08:30:00,maccabi,"משפחה,פנימית וכללית",דר מריה מרון,"נחל פרת 20, באר שבע",7.0,באר שבע
2026-07-31 00:40:49.776055,2026-08-02 08:20:00,maccabi,"משפחה,פנימית וכללית",דר אלכסנדר קרקיס,"נחל פרת 20, באר שבע",2.0,באר שבע
2026-07-31 00:40:49.776055,2026-08-12 08:15:00,maccabi,"משפחה,פנימית וכללית",דר רומן רדוצקי,"שינדלר אוסקר 32, באר שבע",12.0,באר שבע
2026-07-31 00:40:49.776055,2026-08-03 09:24:00,maccabi,"משפחה,פנימית וכללית",דר ולדימיר מילינבסקי,"שינדלר אוסקר 32, באר שבע",3.0,באר שבע
2026-07-31 00:40:49.776055,2026-08-03 07:48:00,maccabi,"משפחה,פנימית וכללית",דר פלורנסיה דיאז גרמוי,"שינדלר אוסקר 32, באר שבע",3.0,באר שבע
2026-07-31 00:40:49.776055,2026-08-02 08:00:00,maccabi,"משפחה,פנימית וכללית",דר שיר פיליפ,"שינדלר אוסקר 32, באר שבע",2.0,באר שבע
2026-07-31 00:40:49.776055,2026-08-03 14:30:00,maccabi,"משפחה,פנימית וכללית",דר גאסם אזיאדנה,"שינדלר אוסקר 32, באר שבע",3.0,באר שבע
2026-07-31 00:40:49.776055,2026-08-31 08:00:00,maccabi,"משפחה,פנימית וכללית",דר זאק סעדון,"אוניברסיטת בן גוריון, באר שבע",31.0,באר שבע
2026-07-31 00:40:49.776055,2026-08-04 08:00:00,maccabi,"משפחה,פנימית וכללית",דר תאמר אבו עמאר,"אוניברסיטת בן גוריון, באר שבע",4.0,באר שבע
2026-07-31 00:40:49.776055,,maccabi,"משפחה,פנימית וכללית",דר יעקב גלזר,"שד רגר יצחק 51, באר שבע",,באר שבע
2026-07-31 00:40:49.776055,2026-08-02 11:00:00,maccabi,"משפחה,פנימית וכללית",דר מרינה רסקינד,"פריאר רחה 9, באר שבע",2.0,באר שבע
2026-07-31 00:40:49.776055,2026-08-18 14:45:00,maccabi,"משפחה,פנימית וכללית",דר אינה גלזר,"שד רגר יצחק 51, באר שבע",18.0,באר שבע
2026-07-31 00:40:49.776055,2026-08-04 09:30:00,maccabi,"משפחה,פנימית וכללית",דר יאן מילמן,"בן צבי יצחק 9, באר שבע",4.0,באר שבע
2026-07-31 00:40:49.776055,2026-08-02 10:40:00,maccabi,"משפחה,פנימית וכללית",דר אירנה אליושין,"שד רגר יצחק 11, באר שבע",2.0,באר שבע
2026-07-31 00:40:49.776055,2026-08-02 16:00:00,maccabi,"משפחה,פנימית וכללית",דר יעל אטיה-כוכבי,"יאיר אברהם שטרן 43, באר שבע",2.0,באר שבע
2026-07-31 00:40:49.776055,2026-08-02 08:25:00,maccabi,"משפחה,פנימית וכללית",דר אירנה ברינסקי,"מבצע יואב 49/32, באר שבע",2.0,באר שבע
2026-07-31 00:40:49.776055,2026-08-02 09:15:00,maccabi,"משפחה,פנימית וכללית",דר מוריה גל,"מועצה אזורית הר חברון, מיתרים",2.0,מיתרים
2026-07-31 00:40:49.776055,2026-08-02 11:50:00,maccabi,"משפחה,פנימית וכללית",דר יעל אטיה-כוכבי,"האבות 33, באר שבע",2.0,באר שבע
2026-07-31 00:40:49.776055,2026-08-09 11:45:00,maccabi,"משפחה,פנימית וכללית",דר שרון שטרן-פליקר,"רימון 1, להבים",9.0,להבים
2026-07-31 00:40:49.776055,,maccabi,"משפחה,פנימית וכללית",דר מוריס ביטון,"רובינא חנה 22, באר שבע",,באר שבע
2026-07-31 00:40:49.776055,,maccabi,"משפחה,פנימית וכללית",דר ולדלן גרינברג,"רובינא חנה 22, באר שבע",,באר שבע
2026-07-31 00:40:49.776055,2026-08-03 08:00:00,maccabi,"משפחה,פנימית וכללית",דר אנסטסיה רובינא,"רובינא חנה 22, באר שבע",3.0,באר שבע
2026-07-31 00:40:49.776055,2026-08-02 08:00:00,maccabi,"משפחה,פנימית וכללית",דר יורי טרק,"רובינא חנה 22, באר שבע",2.0,באר שבע
2026-07-31 00:40:49.776055,2026-08-02 17:30:00,maccabi,"משפחה,פנימית וכללית",דר זיוה שוורץ אלקבץ,"רימון 1, להבים",2.0,להבים
2026-07-31 00:40:49.776055,2026-08-02 08:00:00,maccabi,"משפחה,פנימית וכללית",דר זיד אבו עראר,"רובינא חנה 22, באר שבע",2.0,באר שבע
2026-07-31 00:40:49.776055,2026-08-03 16:00:00,maccabi,"משפחה,פנימית וכללית",דר סארי אבו סעלוק,"רובינא חנה 22, באר שבע",3.0,באר שבע
2026-07-31 00:40:49.776055,2026-08-02 15:50:00,maccabi,"משפחה,פנימית וכללית",דר יורי קלאשיאן,"הרב הרצוג 2, באר שבע",2.0,באר שבע
2026-07-31 00:40:49.776055,2026-08-02 13:20:00,maccabi,"משפחה,פנימית וכללית",דר חנה חזנוב,"הרב הרצוג 2, באר שבע",2.0,באר שבע
2026-07-31 00:40:49.776055,2026-08-03 11:10:00,maccabi,"משפחה,פנימית וכללית",דר אולגה לוין,"בית אל 31, באר שבע",3.0,באר שבע
2026-07-31 00:40:49.776055,2026-08-02 08:30:00,maccabi,"משפחה,פנימית וכללית",דר תאמר אבו עמאר,"בית אל 31, באר שבע",2.0,באר שבע
2026-07-31 00:40:49.776055,2026-08-03 11:15:00,maccabi,"משפחה,פנימית וכללית",דר טטיאנה קובצב,"בית אל 31, באר שבע",3.0,באר שבע
2026-07-31 00:40:49.776055,2026-08-02 08:00:00,maccabi,"משפחה,פנימית וכללית",דר ברוך מנדלצוויג,"יוהנה ז'בוטינסקי 30, באר שבע",2.0,באר שבע
2026-07-31 00:40:49.776055,2026-08-02 10:10:00,maccabi,"משפחה,פנימית וכללית",דר אירנה קמרלי,"יוהנה ז'בוטינסקי 30, באר שבע",2.0,באר שבע
2026-07-31 00:40:49.776055,2026-08-09 08:00:00,maccabi,"משפחה,פנימית וכללית",דר אירינה גרנאדיר,"יוהנה ז'בוטינסקי 30, באר שבע",9.0,באר שבע
2026-07-31 00:40:49.776055,2026-08-05 08:45:00,maccabi,"משפחה,פנימית וכללית",דר אור בקשי,"יוהנה ז'בוטינסקי 30, באר שבע",5.0,באר שבע
2026-07-31 00:40:49.776055,2026-08-02 08:40:00,maccabi,"משפחה,פנימית וכללית",דר דניאל גוניקמן,"יוהנה ז'בוטינסקי 30, באר שבע",2.0,באר שבע
2026-07-31 00:40:49.776055,2026-08-04 08:45:00,maccabi,"משפחה,פנימית וכללית",דר אינגריד קרינה פיינווקס לוי,"יוהנה ז'בוטינסקי 30, באר שבע",4.0,באר שבע
2026-07-31 00:40:49.776055,2026-08-03 09:45:00,maccabi,"משפחה,פנימית וכללית",דר אגי קראוס,"יוהנה ז'בוטינסקי 30, באר שבע",3.0,באר שבע
2026-07-31 00:40:49.776055,2026-08-04 10:20:00,maccabi,"משפחה,פנימית וכללית",דר אלכס סמיונוב,"יוהנה ז'בוטינסקי 42, באר שבע",4.0,באר שבע
2026-07-31 00:40:49.776055,2026-08-02 08:40:00,maccabi,"משפחה,פנימית וכללית",דר ויקטור קוזלוב,"יוהנה ז'בוטינסקי 42, באר שבע",2.0,באר שבע
2026-07-31 00:40:49.776055,2026-08-06 15:10:00,maccabi,"משפחה,פנימית וכללית",דר מרינה סמיונוב,"יוהנה ז'בוטינסקי 42, באר שבע",6.0,באר שבע
2026-07-31 00:40:49.776055,2026-08-02 08:00:00,maccabi,"משפחה,פנימית וכללית",דר אולגה דודרב,"לנדאו חיים 6, באר שבע",2.0,באר שבע
2026-07-31 00:40:49.776055,2026-08-03 16:00:00,maccabi,"משפחה,פנימית וכללית",דר חצ'יורי קחבר,"לנדאו חיים 6, באר שבע",3.0,באר שבע
2026-07-31 00:40:49.776055,2026-08-02 16:00:00,maccabi,"משפחה,פנימית וכללית",דר נאסר אבו עראר,"לנדאו חיים 6, באר שבע",2.0,באר שבע
2026-07-31 00:40:49.776055,2026-08-05 16:00:00,maccabi,"משפחה,פנימית וכללית",דר מילכה מרדכייב,"לנדאו חיים 6, באר שבע",5.0,באר שבע
2026-07-31 00:40:49.776055,2026-08-02 09:00:00,maccabi,"משפחה,פנימית וכללית",דר יוסף עבד אל עזיז,"לנדאו חיים 6, באר שבע",2.0,באר שבע
2026-07-31 00:40:49.776055,2026-08-04 15:06:00,maccabi,"משפחה,פנימית וכללית",דר ולדימיר מילינבסקי,"לרון אפרים 112, באר שבע",4.0,באר שבע
2026-07-31 00:40:49.776055,2026-08-02 14:00:00,maccabi,"משפחה,פנימית וכללית",דר שיר פיליפ,"לרון אפרים 112, באר שבע",2.0,באר שבע
2026-07-31 00:40:49.776055,2026-08-09 17:36:00,maccabi,"משפחה,פנימית וכללית",דר מריה מרון,"לרון אפרים 112, באר שבע",9.0,באר שבע
2026-07-31 00:40:49.776055,2026-08-02 09:15:00,maccabi,"משפחה,פנימית וכללית",דר ברוניה יואכים,"לרון אפרים 112, באר שבע",2.0,באר שבע
2026-07-31 00:40:49.776055,,maccabi,"משפחה,פנימית וכללית",דר ורה ברברמן,"רחוב 121, שני",,שני
2026-07-31 00:40:49.776055,,maccabi,"משפחה,פנימית וכללית", תורן רופא,"מכבי שירותי בריאות, כסיפה",,כסיפה
2026-07-31 00:40:49.776055,2026-08-02 08:50:00,maccabi,"משפחה,פנימית וכללית",דר שפיק אבו עראר,"מכבי שירותי בריאות, כסיפה",2.0,כסיפה
2026-07-31 00:40:49.776055,,maccabi,"משפחה,פנימית וכללית",דר חמדאן אלעוקה,"מכבי מרכז רפואי ערוער, ערערה-בנגב",,ערערה-בנגב
2026-07-31 00:40:49.776055,2026-08-02 08:00:00,maccabi,"משפחה,פנימית וכללית",דר גאלל אבו עראר,"מכבי מרכז רפואי ערוער, ערערה-בנגב",2.0,ערערה-בנגב
2026-07-31 00:40:49.776055,,maccabi,"משפחה,פנימית וכללית",דר מוחמד חלאילה,"מכבי מרכז רפואי ערוער, ערערה-בנגב",,ערערה-בנגב
2026-07-31 00:40:49.776055,,maccabi,"משפחה,פנימית וכללית",דר זיד אבו עראר,"מכבי מרכז רפואי ערוער, ערערה-בנגב",,ערערה-בנגב
2026-07-31 00:40:49.776055,,maccabi,"משפחה,פנימית וכללית",דר סארי אבו סעלוק,"מכבי מרכז רפואי ערוער, ערערה-בנגב",,ערערה-בנגב
2026-07-31 00:40:49.776055,,maccabi,"משפחה,פנימית וכללית",דר נאסר אבו עראר,"מכבי מרכז רפואי ערוער, ערערה-בנגב",,ערערה-בנגב
2026-07-31 00:40:49.776055,2026-07-31 08:15:00,maccabi,"משפחה,פנימית וכללית",דר גאסם אזיאדנה,"שכונה 4 140, רהט",0.0,רהט
2026-07-31 00:40:49.776055,2026-08-03 08:00:00,maccabi,"משפחה,פנימית וכללית",דר חנן קרינאוי,"מרכז מסחרי, רהט",3.0,רהט
2026-07-31 00:40:49.776055,2026-08-02 08:00:00,maccabi,"משפחה,פנימית וכללית",דר היבא אבו רביעה,"מרכז מסחרי, רהט",2.0,רהט
2026-07-31 00:40:49.776055,2026-09-03 08:15:00,maccabi,"משפחה,פנימית וכללית",דר ניצן חלמיש,", יתיר",34.0,יתיר
2026-07-31 00:40:49.776055,2026-08-02 13:40:00,maccabi,"משפחה,פנימית וכללית",דר ג'ינה כהן,"רמח''ל 113, תפרח",2.0,תפרח
2026-07-31 00:40:49.776055,2026-08-03 08:45:00,maccabi,"משפחה,פנימית וכללית",דר אורן ערן,"רמח''ל 113, תפרח",3.0,תפרח
2026-07-31 00:40:49.776055,2026-08-02 15:30:00,maccabi,"משפחה,פנימית וכללית",דר תמר אנקרי נבו,"הגפן 1, שקף",2.0,שקף
2026-07-31 00:40:49.776055,2026-08-06 08:45:00,maccabi,"משפחה,פנימית וכללית",דר ז'אנה גפן,"שד גולדה מאיר 20, דימונה",6.0,דימונה
2026-07-31 00:40:49.776055,2026-08-03 14:40:00,maccabi,"משפחה,פנימית וכללית",דר ליאונרד איזנווה,"שד גולדה מאיר 20, דימונה",3.0,דימונה
2026-07-31 00:40:49.776055,2026-08-02 15:45:00,maccabi,"משפחה,פנימית וכללית",דר ילנה גוסיאטינר,"שד גולדה מאיר 20, דימונה",2.0,דימונה
2026-07-31 00:40:49.776055,,maccabi,"משפחה,פנימית וכללית", תורן רופא,"שד גולדה מאיר 20, דימונה",,דימונה
2026-07-31 00:40:49.776055,2026-08-02 15:00:00,maccabi,"משפחה,פנימית וכללית",דר יאיר כהן,"שד גולדה מאיר 20, דימונה",2.0,דימונה
2026-07-31 00:40:49.776055,2026-08-02 08:20:00,maccabi,"משפחה,פנימית וכללית",דר ענאן אלעתמין,"שד גולדה מאיר 20, דימונה",2.0,דימונה
2026-07-31 00:40:49.776055,2026-07-31 08:00:00,maccabi,"משפחה,פנימית וכללית",דר חמדאן אלעוקה,"שמעון בר יוחאי 1, דימונה",0.0,דימונה
2026-07-31 00:40:49.776055,2026-08-04 16:00:00,maccabi,"משפחה,פנימית וכללית",דר גאלל אבו עראר,"שמעון בר יוחאי 1, דימונה",4.0,דימונה
2026-07-31 00:40:49.776055,2026-08-04 16:00:00,maccabi,"משפחה,פנימית וכללית",דר זיד אבו עראר,"שמעון בר יוחאי 1, דימונה",4.0,דימונה
2026-07-31 00:40:49.776055,2026-08-02 09:00:00,maccabi,"משפחה,פנימית וכללית",דר אולגה שצ'גול,"שמעון בר יוחאי 1, דימונה",2.0,דימונה
2026-07-31 00:40:49.776055,2026-08-02 08:00:00,maccabi,"משפחה,פנימית וכללית",דר אברהם שלמה לוי,"נתיב התמר 10, ערד",2.0,ערד
2026-07-31 00:40:49.776055,2026-08-02 10:00:00,maccabi,"משפחה,פנימית וכללית",דר טטיאנה ליפשיץ,"בן איש חי 1530, אופקים",2.0,אופקים
2026-07-31 00:40:49.776055,,maccabi,"משפחה,פנימית וכללית", תורן רופא,"בן איש חי 1530, אופקים",,אופקים
2026-07-31 00:40:49.776055,2026-08-02 10:45:00,maccabi,"משפחה,פנימית וכללית",דר פאוזי אלטורה,"בן איש חי 1530, אופקים",2.0,אופקים
2026-07-31 00:40:49.776055,2026-08-02 14:12:00,maccabi,"משפחה,פנימית וכללית",דר איגור קורסונסקי,"הרב עובדיה יוסף 10, אופקים",2.0,אופקים
2026-07-31 00:40:49.776055,2026-08-04 08:40:00,maccabi,"משפחה,פנימית וכללית",דר אינה בגן,"שד הרצל 36, אופקים",4.0,אופקים
2026-07-31 00:40:49.776055,2026-08-02 08:30:00,maccabi,"משפחה,פנימית וכללית",דר אריאלה בלום,"הרב עובדיה יוסף 10, אופקים",2.0,אופקים
2026-07-31 00:40:49.776055,,maccabi,"משפחה,פנימית וכללית", תורן רופא,"הרב עובדיה יוסף 10, אופקים",,אופקים
2026-07-31 00:40:49.776055,,maccabi,"משפחה,פנימית וכללית",דר סמיר אלג'ראבעה,"הרב עובדיה יוסף 10, אופקים",,אופקים
2026-07-31 00:40:49.776055,2026-08-03 12:12:00,maccabi,"משפחה,פנימית וכללית",דר עדן זהבי,"הרב עובדיה יוסף 10, אופקים",3.0,אופקים
2026-07-31 00:40:49.776055,2026-08-04 09:15:00,maccabi,"משפחה,פנימית וכללית",דר פאוזי אלטורה,"שד הרצל 36, אופקים",4.0,אופקים
2026-07-31 00:40:49.776055,2026-08-03 16:20:00,maccabi,"משפחה,פנימית וכללית",דר ראד אלטלאלקה,"שד הרצל 36, אופקים",3.0,אופקים
2026-07-31 00:40:49.776055,2026-08-02 14:18:00,maccabi,"משפחה,פנימית וכללית",דר אולגה ולייב,"הרב עובדיה יוסף 10, אופקים",2.0,אופקים
2026-07-31 00:40:49.776055,2026-08-02 16:00:00,maccabi,"משפחה,פנימית וכללית",דר אלכסנדר ברקובסקי,"שמעון 27/16, ערד",2.0,ערד
2026-07-31 00:40:49.776055,2026-08-05 10:30:00,maccabi,"משפחה,פנימית וכללית",דר לודמילה רדום,"בן יאיר אלעזר 39, ערד",5.0,ערד
2026-07-31 00:40:49.776055,2026-08-02 11:15:00,maccabi,"משפחה,פנימית וכללית",דר ילנה סימקוב,"שמעון 13, ערד",2.0,ערד
2026-07-31 00:40:49.776055,,maccabi,"משפחה,פנימית וכללית",דר דוד פרידמן,"שמעון 13, ערד",,ערד
2026-07-31 00:40:49.776055,2026-08-02 13:45:00,maccabi,"משפחה,פנימית וכללית",דר ורה ברברמן,"שמעון 13, ערד",2.0,ערד
2026-07-31 00:40:49.776055,2026-08-02 08:40:00,maccabi,"משפחה,פנימית וכללית",דר יעקב גטקין,"שמעון 13, ערד",2.0,ערד
2026-07-31 00:40:49.776055,2026-08-02 08:00:00,maccabi,"משפחה,פנימית וכללית",דר אירינה גורדז'י,"שמעון 13, ערד",2.0,ערד
2026-07-31 00:40:49.776055,2026-08-04 08:45:00,maccabi,"משפחה,פנימית וכללית",דר שפיק אבו עראר,"שמעון 13, ערד",4.0,ערד
2026-07-31 00:40:49.776055,,maccabi,"משפחה,פנימית וכללית", תורן רופא,"שמעון 13, ערד",,ערד
2026-07-31 00:40:49.776055,,maccabi,"משפחה,פנימית וכללית",דר אלינה פרס,"שמעון 13, ערד",,ערד
2026-07-31 00:40:49.776055,2026-08-16 13:40:00,maccabi,"משפחה,פנימית וכללית",דר אוריאל טהר,"שמעון 13, ערד",16.0,ערד
2026-07-31 00:40:49.776055,,maccabi,"משפחה,פנימית וכללית", תורן רופא,"בורנשטיין צבי 199, ירוחם",,ירוחם
2026-07-31 00:40:49.776055,2026-08-02 11:00:00,maccabi,"משפחה,פנימית וכללית",דר אור צדוק זהבי,"בורנשטיין צבי 199, ירוחם",2.0,ירוחם
2026-07-31 00:40:49.776055,2026-08-02 12:30:00,maccabi,"משפחה,פנימית וכללית",דר אינגריד קרינה פיינווקס לוי,"בורנשטיין צבי 199, ירוחם",2.0,ירוחם
2026-07-31 00:40:49.776055,,maccabi,"משפחה,פנימית וכללית",דר אננה סלובודניק,"נחל אשכול 403/23, קרית ארבע",,קרית ארבע
2026-07-31 00:40:49.776055,,maccabi,"משפחה,פנימית וכללית",דר מוריס ביטון,"שד ירושלים 18, נתיבות",,נתיבות
2026-07-31 00:40:49.776055,2026-08-05 10:15:00,maccabi,"משפחה,פנימית וכללית",דר מילה גלברג,"שד ירושלים 18, נתיבות",5.0,נתיבות
2026-07-31 00:40:49.776055,2026-08-02 15:20:00,maccabi,"משפחה,פנימית וכללית",פרופ אשר אלחיאני,"שד ירושלים 18, נתיבות",2.0,נתיבות
2026-07-31 00:40:49.776055,2026-08-07 08:40:00,maccabi,"משפחה,פנימית וכללית",דר מוחמד סעדיה,"שד ירושלים 18, נתיבות",7.0,נתיבות
2026-07-31 00:40:49.776055,2026-08-02 08:45:00,maccabi,"משפחה,פנימית וכללית",דר עבדאללה מיעארי,"שד ירושלים 18, נתיבות",2.0,נתיבות
2026-07-31 00:40:49.776055,2026-08-02 10:20:00,maccabi,"משפחה,פנימית וכללית",דר ילנה מורוזוב,"שד ירושלים 18, נתיבות",2.0,נתיבות
2026-07-31 00:40:49.776055,2026-08-02 08:15:00,maccabi,"משפחה,פנימית וכללית",דר אחמד אבו שלדם,"שד ירושלים 18, נתיבות",2.0,נתיבות
2026-07-31 00:40:49.776055,2026-07-31 09:30:00,maccabi,"משפחה,פנימית וכללית",דר רפעת אבו פריחה,"שד ירושלים 18, נתיבות",0.0,נתיבות
2026-07-31 00:40:49.776055,2026-08-03 15:10:00,maccabi,"משפחה,פנימית וכללית",דר תאופיק אבו עמרה,"שד ירושלים 18, נתיבות",3.0,נתיבות
2026-07-31 00:40:49.776055,2026-08-02 09:30:00,maccabi,"משפחה,פנימית וכללית",דר ג'ינה כהן,"שד ירושלים 18, נתיבות",2.0,נתיבות
2026-07-31 00:40:49.776055,,maccabi,"משפחה,פנימית וכללית",דר דוד פורמן,"שד ירושלים 18, נתיבות",,נתיבות
2026-07-31 00:40:49.776055,2026-08-02 08:45:00,maccabi,"משפחה,פנימית וכללית",דר נאסר אבו עראר,"שד ירושלים 18, נתיבות",2.0,נתיבות
2026-07-31 00:40:49.776055,,maccabi,"משפחה,פנימית וכללית",דר מאיה מוס ישי,"שד ירושלים 18, נתיבות",,נתיבות
2026-07-31 00:40:49.776055,2026-08-06 16:30:00,maccabi,"משפחה,פנימית וכללית",דר אמיר דבאח,"שד ירושלים 18, נתיבות",6.0,נתיבות
2026-07-31 00:40:49.776055,2026-08-03 15:15:00,maccabi,"משפחה,פנימית וכללית",דר עדן זהבי,"מועצה אזורית רמת הנגב, רמת הנגב",3.0,רמת הנגב
2026-07-31 00:40:49.776055,2026-08-04 15:30:00,maccabi,"משפחה,פנימית וכללית",דר ענאן אלעתמין,"מועצה אזורית רמת הנגב, רמת הנגב",4.0,רמת הנגב
2026-07-31 00:40:49.776055,2026-08-09 16:40:00,maccabi,"משפחה,פנימית וכללית",דר מוריס ביטון,"שד ירושלים 136, נתיבות",9.0,נתיבות
2026-07-31 00:40:49.776055,2026-08-28 08:00:00,maccabi,"משפחה,פנימית וכללית",דר זויה ריאבאיה-טשב,"שד ירושלים 136, נתיבות",28.0,נתיבות
2026-07-31 00:40:49.776055,2026-08-02 08:40:00,maccabi,"משפחה,פנימית וכללית",דר שאדי חוסין,"שד ירושלים 136, נתיבות",2.0,נתיבות
2026-07-31 00:40:49.776055,2026-08-05 08:40:00,maccabi,"משפחה,פנימית וכללית",דר ילנה מורוזוב,"שד ירושלים 136, נתיבות",5.0,נתיבות
2026-07-31 00:40:49.776055,2026-07-31 08:15:00,maccabi,"משפחה,פנימית וכללית",דר אמיר דבאח,"שד ירושלים 136, נתיבות",0.0,נתיבות
2026-07-31 00:40:49.776055,2026-08-02 11:00:00,maccabi,"משפחה,פנימית וכללית",דר מוריס ביטון,"האר""י 86/8, נתיבות",2.0,נתיבות
2026-07-31 00:40:49.776055,2026-08-26 09:45:00,maccabi,"משפחה,פנימית וכללית",דר זויה ריאבאיה-טשב,"האר""י 86/8, נתיבות",26.0,נתיבות
2026-07-31 00:40:49.776055,2026-08-02 08:40:00,maccabi,"משפחה,פנימית וכללית",דר מוחמד סעדיה,"האר""י 86/8, נתיבות",2.0,נתיבות
2026-07-31 00:40:49.776055,,maccabi,"משפחה,פנימית וכללית",דר דוד פורמן,"האר""י 86/8, נתיבות",,נתיבות
2026-07-31 00:40:49.776055,2026-08-02 14:50:00,maccabi,"משפחה,פנימית וכללית",דר אלינה קורץ,"גני טל 2, נתיבות",2.0,נתיבות
2026-07-31 00:40:49.776055,2026-08-02 08:00:00,maccabi,"משפחה,פנימית וכללית",דר מוחמד טלאקאת,"גני טל 2, נתיבות",2.0,נתיבות
2026-07-31 00:40:49.776055,2026-08-06 15:10:00,maccabi,"משפחה,פנימית וכללית",דר סופיה זילברמן,"שד מלכי ישראל 178, קריית גת",6.0,קריית גת
2026-07-31 00:40:49.776055,2026-08-27 09:30:00,maccabi,"משפחה,פנימית וכללית",דר רוסלן קמרלי,"שד מלכי ישראל 178, קריית גת",27.0,קריית גת
2026-07-31 00:40:49.776055,2026-08-02 16:20:00,maccabi,"משפחה,פנימית וכללית",דר דין-נויה אנגלשטיין,"שד מלכי ישראל 178, קריית גת",2.0,קריית גת
2026-07-31 00:40:49.776055,2026-08-13 09:10:00,maccabi,"משפחה,פנימית וכללית",דר דנה כץ קרפאק,"שד מלכי ישראל 178, קריית גת",13.0,קריית גת
2026-07-31 00:40:49.776055,2026-08-24 10:20:00,maccabi,"משפחה,פנימית וכללית",דר אלון שלב,"שד העצמאות 64, קריית גת",24.0,קריית גת
2026-07-31 00:40:49.776055,2026-08-05 11:30:00,maccabi,"משפחה,פנימית וכללית",דר דניאלה יבגניה כהן,"שד העצמאות 64, קריית גת",5.0,קריית גת
2026-07-31 00:40:49.776055,2026-08-03 10:50:00,maccabi,"משפחה,פנימית וכללית",דר מרינה פרי,"שד העצמאות 64, קריית גת",3.0,קריית גת
2026-07-31 00:40:49.776055,2026-08-12 09:10:00,maccabi,"משפחה,פנימית וכללית",דר יעל אורקין,"שד העצמאות 64, קריית גת",12.0,קריית גת
2026-07-31 00:40:49.776055,2026-08-11 09:30:00,maccabi,"משפחה,פנימית וכללית",דר אברהם בדיחי,"שד העצמאות 64, קריית גת",11.0,קריית גת
2026-07-31 00:40:49.776055,2026-08-16 10:20:00,maccabi,"משפחה,פנימית וכללית",דר נטליה אוסקוטסקי,"שד העצמאות 64, קריית גת",16.0,קריית גת
2026-07-31 00:40:49.776055,2026-09-17 10:48:00,maccabi,"משפחה,פנימית וכללית",דר ריטה פרילוק,"שד העצמאות 64, קריית גת",48.0,קריית גת
2026-07-31 00:40:49.776055,2026-09-01 07:45:00,maccabi,"משפחה,פנימית וכללית",דר אסף ביבר,"שד העצמאות 64, קריית גת",32.0,קריית גת
2026-07-31 00:40:49.776055,2026-08-04 08:15:00,maccabi,"משפחה,פנימית וכללית",דר אלכסנדר טוזוב,"שד העצמאות 64, קריית גת",4.0,קריית גת
2026-07-31 00:40:49.776055,,maccabi,"משפחה,פנימית וכללית", תורן רופא,"אדוריים 101, קריית גת",,קריית גת
2026-07-31 00:40:49.776055,2026-08-03 11:00:00,maccabi,"משפחה,פנימית וכללית",דר תמר אנקרי נבו,"אדוריים 101, קריית גת",3.0,קריית גת
2026-07-31 00:40:49.776055,2026-08-03 09:00:00,maccabi,"משפחה,פנימית וכללית",דר אלה סדן,"שדרות אבני החושן 1, קריית גת",3.0,קריית גת
2026-07-31 00:40:49.776055,2026-08-02 15:00:00,maccabi,"משפחה,פנימית וכללית",דר אילן יהושע,"שדרות אבני החושן 1, קריית גת",2.0,קריית גת
2026-07-31 00:40:49.776055,2026-08-04 13:15:00,maccabi,"משפחה,פנימית וכללית",דר סמדר ריין,"שדרות אבני החושן 1, קריית גת",4.0,קריית גת
2026-07-31 00:40:49.776055,2026-08-18 07:30:00,maccabi,"משפחה,פנימית וכללית",דר יעל אורקין,"שדרות אבני החושן 1, קריית גת",18.0,קריית גת
2026-07-31 00:40:49.776055,,maccabi,"משפחה,פנימית וכללית", תורן רופא,"שדרות אבני החושן 1, קריית גת",,קריית גת
2026-07-31 00:40:49.776055,2026-08-02 14:00:00,maccabi,"משפחה,פנימית וכללית",דר אמיר אלזיאדנה,"שדרות אבני החושן 1, קריית גת",2.0,קריית גת
2026-07-31 00:40:49.776055,2026-08-06 13:10:00,maccabi,"משפחה,פנימית וכללית",דר רוסלן קמרלי,"נתיבות שלום 16, קריית גת",6.0,קריית גת
2026-07-31 00:40:49.776055,2026-08-03 08:40:00,maccabi,"משפחה,פנימית וכללית",דר אמיר אלזיאדנה,"נתיבות שלום 16, קריית גת",3.0,קריית גת
2026-07-31 00:40:49.776055,2026-08-02 08:00:00,maccabi,"משפחה,פנימית וכללית",דר אילן יהושע,"נתיבות שלום 16, קריית גת",2.0,קריית גת
2026-07-31 00:40:49.776055,2026-08-03 11:00:00,maccabi,"משפחה,פנימית וכללית",דר סמדר ריין,"נתיבות שלום 16, קריית גת",3.0,קריית גת
2026-07-31 00:40:49.776055,,maccabi,"משפחה,פנימית וכללית", תורן רופא,"נתיבות שלום 16, קריית גת",,קריית גת
2026-07-31 00:40:49.776055,2026-08-02 11:00:00,maccabi,"משפחה,פנימית וכללית",דר אלה סדן,"נתיבות שלום 16, קריית גת",2.0,קריית גת
2026-07-31 00:40:49.776055,,maccabi,נוירוכירורגיה,דר יובל סופרו,"תפוח 41, עומר",,עומר
2026-07-31 00:40:49.776055,,maccabi,נוירוכירורגיה,דר יובל סופרו,"שד רגר יצחק 11, באר שבע",,באר שבע
2026-07-31 00:40:49.776055,2026-11-15 12:00:00,maccabi,נוירולוגיה,דר זאב לוזון,"השלום 70, באר שבע",107.0,באר שבע
2026-07-31 00:40:49.776055,2026-11-03 18:20:00,maccabi,נוירולוגיה,פרופ שי מנשקו,"התקוה 4, באר שבע",95.0,באר שבע
2026-07-31 00:40:49.776055,,maccabi,נוירולוגיה,דר אבראהים אבו סלאמה,"התקוה 4, באר שבע",,באר שבע
2026-07-31 00:40:49.776055,2027-01-14 13:30:00,maccabi,נוירולוגיה,דר איליה טרחטנברוייט,"התקוה 4, באר שבע",167.0,באר שבע
2026-07-31 00:40:49.776055,,maccabi,נוירולוגיה, נוירולוגית מרפאה,"התקוה 4, באר שבע",,באר שבע
2026-07-31 00:40:49.776055,,maccabi,נוירולוגיה,דר מייקל סטאר,"התקוה 4, באר שבע",,באר שבע
2026-07-31 00:40:49.776055,2026-11-05 16:20:00,maccabi,נוירולוגיה,דר טטיאנה מנביץ,"התקוה 4, באר שבע",97.0,באר שבע
2026-07-31 00:40:49.776055,,maccabi,נוירולוגיה,דר מוניר אבו מדעים,"התקוה 4, באר שבע",,באר שבע
2026-07-31 00:40:49.776055,2026-11-04 08:00:00,maccabi,נוירולוגיה,דר טטיאנה מנביץ,"שד הרצל 36, אופקים",96.0,אופקים
2026-07-31 00:40:49.776055,2026-12-21 18:20:00,maccabi,נוירולוגיה,דר אנדריי אובנניאן,"שמעון 13, ערד",143.0,ערד
2026-07-31 00:40:49.776055,,maccabi,נוירולוגיה,דר מוניר אבו מדעים,"אליהו אילוז 2, נתיבות",,נתיבות
2026-07-31 00:40:49.776055,2026-11-10 10:00:00,maccabi,נוירולוגיה,דר לאוניד קרבץ,"גני טל 2, נתיבות",102.0,נתיבות
2026-07-31 00:40:49.776055,2026-11-05 11:15:00,maccabi,נוירולוגיה,דר לאוניד קרבץ,"שד העצמאות 64, קריית גת",97.0,קריית גת
2026-07-31 00:40:49.776055,,maccabi,נוירולוגיה,דר ורד ברזילי פסח,"אדוריים 101, קריית גת",,קריית גת
2026-07-31 00:40:49.776055,2027-07-08 10:30:00,maccabi,נפרולוגיה,דר ולדימיר רפופורט,"התקוה 4, באר שבע",342.0,באר שבע
2026-07-31 00:40:49.776055,,maccabi,נפרולוגיה,דר מיכאל האוזמן,"התקוה 4, באר שבע",,באר שבע
2026-07-31 00:40:49.776055,,maccabi,נשים - אנדומטריוזיס,דר אחמט נמזוב,"התקוה 4, באר שבע",,באר שבע
2026-07-31 00:40:49.776055,,maccabi,נשים - מעקב הריונות מיוחדים,דר אילן שוורץ,"התקוה 4, באר שבע",,באר שבע
2026-07-31 00:40:49.776055,,maccabi,נשים - מעקב הריונות מיוחדים,דר גיל גוטווירץ,"התקוה 4, באר שבע",,באר שבע
2026-07-31 00:40:49.776055,2026-08-26 12:00:00,maccabi,נשים - מעקב הריונות מיוחדים,דר יונתן דרור,"בן יאיר אלעזר 39, ערד",26.0,ערד
2026-07-31 00:40:49.776055,2026-08-10 14:50:00,maccabi,נשים - מעקב הריונות מיוחדים,דר אסנת רון טל פישר,"שדרות אבני החושן 1, קריית גת",10.0,קריית גת
2026-07-31 00:40:49.776055,2026-08-17 09:20:00,maccabi,סוכרת,דר ג'ברין אלקרינאוי,"אל-קודס 7, לקיה",17.0,לקיה
2026-07-31 00:40:49.776055,,maccabi,סוכרת,דר גלינה אברמוב,"התקוה 4, באר שבע",,באר שבע
2026-07-31 00:40:49.776055,,maccabi,סוכרת,דר דיינה כהן,"התקוה 4, באר שבע",,באר שבע
2026-07-31 00:40:49.776055,,maccabi,סוכרת,דר טטיאנה פוגצ'ב,"התקוה 4, באר שבע",,באר שבע
2026-07-31 00:40:49.776055,,maccabi,סוכרת,דר יבגניה טודוסוי,"התקוה 4, באר שבע",,באר שבע
2026-07-31 00:40:49.776055,,maccabi,סוכרת,דר ג'ברין אלקרינאוי,"שד גולדה מאיר 20, דימונה",,דימונה
2026-07-31 00:40:49.776055,,maccabi,סוכרת,דר גאסם אזיאדנה,"שד הרצל 36, אופקים",,אופקים
2026-07-31 00:40:49.776055,,maccabi,סוכרת,דר יורי יאנוביצקי,"אליהו אילוז 2, נתיבות",,נתיבות
2026-07-31 00:40:49.776055,,maccabi,סוכרת,דר אילנה מרגולין,"שד העצמאות 64, קריית גת",,קריית גת
2026-07-31 00:40:49.776055,2026-08-13 10:45:00,maccabi,עור ומין,דר רונן מגון,"פריאר רחה 9, באר שבע",13.0,באר שבע
2026-07-31 00:40:49.776055,,maccabi,עור ומין,דר יהונתן בירון,"התקוה 4, באר שבע",,באר שבע
2026-07-31 00:40:49.776055,2026-08-17 17:00:00,maccabi,עור ומין,פרופ מרסלו גרינוולד,"שד רגר יצחק 28, באר שבע",17.0,באר שבע
2026-07-31 00:40:49.776055,2026-09-02 16:20:00,maccabi,עור ומין,פרופ מרסלו גרינוולד,"התקוה 4, באר שבע",33.0,באר שבע
2026-07-31 00:40:49.776055,2026-10-07 16:30:00,maccabi,עור ומין,דר אבי שי,"התקוה 4, באר שבע",68.0,באר שבע
2026-07-31 00:40:49.776055,2026-08-24 08:45:00,maccabi,עור ומין,דר נדיה זבלוצקי,"התקוה 4, באר שבע",24.0,באר שבע
2026-07-31 00:40:49.776055,,maccabi,עור ומין,דר אבי שי,"שד רגר יצחק 22, באר שבע",,באר שבע
2026-07-31 00:40:49.776055,,maccabi,עור ומין,דר נדיה זבלוצקי,"מזר בנימין 20, באר שבע",,באר שבע
2026-07-31 00:40:49.776055,2026-09-01 09:25:00,maccabi,עור ומין,דר יגאל סברדלוב,"לרון אפרים 112, באר שבע",32.0,באר שבע
2026-07-31 00:40:49.776055,,maccabi,עור ומין,דר עדי סעדיה,"שד גולדה מאיר 20, דימונה",,דימונה
2026-07-31 00:40:49.776055,2026-09-14 08:06:00,maccabi,עור ומין,דר רונן מגון,"שד הרצל 36, אופקים",45.0,אופקים
2026-07-31 00:40:49.776055,2026-08-24 10:55:00,maccabi,עור ומין,דר יהונתן בירון,"שמעון 13, ערד",24.0,ערד
2026-07-31 00:40:49.776055,2026-08-18 10:25:00,maccabi,עור ומין,פרופ מרסלו גרינוולד,"שמעון 13, ערד",18.0,ערד
2026-07-31 00:40:49.776055,2026-11-16 07:40:00,maccabi,עור ומין,דר את'יר מצאלחה,"גני טל 2, נתיבות",108.0,נתיבות
2026-07-31 00:40:49.776055,2026-11-09 08:00:00,maccabi,עור ומין,דר ודים גקמן,"שד מלכי ישראל 178, קריית גת",101.0,קריית גת
2026-07-31 00:40:49.776055,,maccabi,עור ומין,דר יוסי ירושלמי,"שד העצמאות 64, קריית גת",,קריית גת
2026-07-31 00:40:49.776055,2026-09-08 08:54:00,maccabi,עיניים,דר קונסטנטין גושנסקי,"יהודה הנחתום 6, באר שבע",39.0,באר שבע
2026-07-31 00:40:49.776055,,maccabi,עיניים,דר נעם יאנקולוביץ,"יחיל חיים 7, באר שבע",,באר שבע
2026-07-31 00:40:49.776055,2026-09-01 14:30:00,maccabi,עיניים,דר סולטן חלאילה,"יחיל חיים 7, באר שבע",32.0,באר שבע
2026-07-31 00:40:49.776055,2026-09-24 08:00:00,maccabi,עיניים,דר אביאל חדד,"יחיל חיים 7, באר שבע",55.0,באר שבע
2026-07-31 00:40:49.776055,,maccabi,עיניים,דר אנרי פיצ'חדזה,"יחיל חיים 7, באר שבע",,באר שבע
2026-07-31 00:40:49.776055,2026-08-18 13:30:00,maccabi,עיניים,דר צבי טסלר,"התקוה 4, באר שבע",18.0,באר שבע
2026-07-31 00:40:49.776055,2026-10-05 10:06:00,maccabi,עיניים,דר גדעון רוזנטל,"התקוה 4, באר שבע",66.0,באר שבע
2026-07-31 00:40:49.776055,2026-09-06 12:30:00,maccabi,עיניים,דר אסף קרץ,"התקוה 4, באר שבע",37.0,באר שבע
2026-07-31 00:40:49.776055,2026-11-08 10:24:00,maccabi,עיניים,דר אליונה פטרוב,"התקוה 4, באר שבע",100.0,באר שבע
2026-07-31 00:40:49.776055,,maccabi,עיניים,דר ולנטינה אסא,"התקוה 4, באר שבע",,באר שבע
2026-07-31 00:40:49.776055,2026-09-28 10:36:00,maccabi,עיניים,דר קונסטנטין גושנסקי,"התקוה 4, באר שבע",59.0,באר שבע
2026-07-31 00:40:49.776055,,maccabi,עיניים,דר חנין נסאר,"התקוה 4, באר שבע",,באר שבע
2026-07-31 00:40:49.776055,,maccabi,עיניים,דר אורן עיני,"התקוה 4, באר שבע",,באר שבע
2026-07-31 00:40:49.776055,2026-08-20 14:24:00,maccabi,עיניים,דר שמואל אביטל,"התקוה 4, באר שבע",20.0,באר שבע
2026-07-31 00:40:49.776055,2026-08-03 14:35:00,maccabi,עיניים,דר סולטן חלאילה,"התקוה 4, באר שבע",3.0,באר שבע
2026-07-31 00:40:49.776055,,maccabi,עיניים,דר איתמר קלמפרר,"שד רגר יצחק 22, באר שבע",,באר שבע
2026-07-31 00:40:49.776055,2026-10-27 11:00:00,maccabi,עיניים,דר אביחי סגל,"החלוץ 123, באר שבע",88.0,באר שבע
2026-07-31 00:40:49.776055,2026-10-29 16:24:00,maccabi,עיניים,דר אנרי פיצ'חדזה,"לרון אפרים 112, באר שבע",90.0,באר שבע
2026-07-31 00:40:49.776055,2026-12-17 18:24:00,maccabi,עיניים,דר אנרי פיצ'חדזה,"שד גולדה מאיר 20, דימונה",139.0,דימונה
2026-07-31 00:40:49.776055,2026-09-15 09:40:00,maccabi,עיניים,דר יונית קרקואר,"שד גולדה מאיר 20, דימונה",46.0,דימונה
2026-07-31 00:40:49.776055,2026-08-26 12:10:00,maccabi,עיניים,דר שמואל אביטל,"שד גולדה מאיר 20, דימונה",26.0,דימונה
2026-07-31 00:40:49.776055,2026-09-14 08:10:00,maccabi,עיניים,דר סולטן חלאילה,"שד גולדה מאיר 20, דימונה",45.0,דימונה
2026-07-31 00:40:49.776055,2026-09-15 09:14:00,maccabi,עיניים,דר יוליה טריפונוב,"שד הרצל 36, אופקים",46.0,אופקים
2026-07-31 00:40:49.776055,,maccabi,עיניים,דר אביחי סגל,"שמעון 13, ערד",,ערד
2026-07-31 00:40:49.776055,2027-01-03 10:40:00,maccabi,עיניים,דר דניאל אופיר,"שמעון 13, ערד",156.0,ערד
2026-07-31 00:40:49.776055,2026-08-10 11:50:00,maccabi,עיניים,דר יונית קרקואר,"שמעון 13, ערד",10.0,ערד
2026-07-31 00:40:49.776055,,maccabi,עיניים,דר שמואל אביטל,"שמעון 13, ערד",,ערד
2026-07-31 00:40:49.776055,2026-08-09 09:12:00,maccabi,עיניים,דר שמואל אביטל,"בורנשטיין צבי 199, ירוחם",9.0,ירוחם
2026-07-31 00:40:49.776055,2026-10-18 09:50:00,maccabi,עיניים,דר אלה ברמן,"שד ירושלים 18, נתיבות",79.0,נתיבות
2026-07-31 00:40:49.776055,2026-10-05 11:50:00,maccabi,עיניים,דר בתיה קוריאל,"שד ירושלים 18, נתיבות",66.0,נתיבות
2026-07-31 00:40:49.776055,2026-08-06 17:45:00,maccabi,עיניים,דר יוסי אשל,"שד ירושלים 18, נתיבות",6.0,נתיבות
2026-07-31 00:40:49.776055,2026-08-09 17:20:00,maccabi,עיניים,דר שמואל כהן,"הרימון 6/1, קריית גת",9.0,קריית גת
2026-07-31 00:40:49.776055,2026-08-30 08:17:00,maccabi,עיניים,דר בוריס פלוטקין,"שד מלכי ישראל 178, קריית גת",30.0,קריית גת
2026-07-31 00:40:49.776055,,maccabi,עיניים,דר אביב אמיתי,"שד העצמאות 64, קריית גת",,קריית גת
2026-07-31 00:40:49.776055,2026-09-08 08:54:00,maccabi,עיניים - פלסטיקה וארובה,דר קונסטנטין גושנסקי,"יהודה הנחתום 6, באר שבע",39.0,באר שבע
2026-07-31 00:40:49.776055,2026-09-01 14:30:00,maccabi,עיניים - פלסטיקה וארובה,דר סולטן חלאילה,"יחיל חיים 7, באר שבע",32.0,באר שבע
2026-07-31 00:40:49.776055,2026-08-03 14:35:00,maccabi,עיניים - פלסטיקה וארובה,דר סולטן חלאילה,"התקוה 4, באר שבע",3.0,באר שבע
2026-07-31 00:40:49.776055,2026-10-27 11:00:00,maccabi,עיניים - פלסטיקה וארובה,דר אביחי סגל,"החלוץ 123, באר שבע",88.0,באר שבע
2026-07-31 00:40:49.776055,2026-09-14 08:10:00,maccabi,עיניים - פלסטיקה וארובה,דר סולטן חלאילה,"שד גולדה מאיר 20, דימונה",45.0,דימונה
2026-07-31 00:40:49.776055,,maccabi,עיניים - פלסטיקה וארובה,דר אביחי סגל,"שמעון 13, ערד",,ערד
2026-07-31 00:40:49.776055,2026-08-20 14:24:00,maccabi,עיניים גלאוקומה,דר שמואל אביטל,"התקוה 4, באר שבע",20.0,באר שבע
2026-07-31 00:40:49.776055,,maccabi,עיניים גלאוקומה,דר שמואל אביטל,"שמעון 13, ערד",,ערד
2026-07-31 00:40:49.776055,,maccabi,עיניים רשתית,דר נעם יאנקולוביץ,"יחיל חיים 7, באר שבע",,באר שבע
2026-07-31 00:40:49.776055,2026-09-24 08:00:00,maccabi,עיניים רשתית,דר אביאל חדד,"יחיל חיים 7, באר שבע",55.0,באר שבע
2026-07-31 00:40:49.776055,,maccabi,פסיכיאטריה - מבוגרים, רופאים מרפאת,", אונליין בווידאו",,אונליין בווידאו
2026-07-31 00:40:49.776055,,maccabi,פסיכיאטריה - מבוגרים, רופאים מרפאת,", אונליין בווידאו",,אונליין בווידאו
2026-07-31 00:40:49.776055,,maccabi,פסיכיאטריה - מבוגרים,דר מוחמד בדארנה,"פריאר רחה 9, באר שבע",,באר שבע
2026-07-31 00:40:49.776055,,maccabi,פסיכיאטריה - מבוגרים,דר ולדיסלבה גורמן,"פריאר רחה 9, באר שבע",,באר שבע
2026-07-31 00:40:49.776055,,maccabi,פסיכיאטריה - מבוגרים,דר אופיר זלצברג,"פריאר רחה 9, באר שבע",,באר שבע
2026-07-31 00:40:49.776055,,maccabi,פסיכיאטריה - מבוגרים,דר יאן יאנקובסקי,"פריאר רחה 9, באר שבע",,באר שבע
2026-07-31 00:40:49.776055,2026-11-02 11:10:00,maccabi,פסיכיאטריה - מבוגרים,דר הלנה קרבובסקי,"שד רגר יצחק 11, באר שבע",94.0,באר שבע
2026-07-31 00:40:49.776055,,maccabi,פסיכיאטריה - מבוגרים,דר יקטרינה קובלונוק,"הרב הרצוג 2, באר שבע",,באר שבע
2026-07-31 00:40:49.776055,2026-10-06 18:00:00,maccabi,פסיכיאטריה - מבוגרים,דר סוהיל חלאילה,"הרב הרצוג 2, באר שבע",67.0,באר שבע
2026-07-31 00:40:49.776055,2027-03-10 16:00:00,maccabi,פסיכיאטריה - מבוגרים,דר סופיה יריש,"בית אל 31, באר שבע",222.0,באר שבע
2026-07-31 00:40:49.776055,,maccabi,פסיכיאטריה - מבוגרים,דר שחר חיים רובינזון,"שד גולדה מאיר 20, דימונה",,דימונה
2026-07-31 00:40:49.776055,2026-08-12 09:00:00,maccabi,פסיכיאטריה - מבוגרים,דר אירנה מיטלמן,"שמעון 13, ערד",12.0,ערד
2026-07-31 00:40:49.776055,,maccabi,פסיכיאטריה - מבוגרים,דר יוליה גיידוק,"בורנשטיין צבי 199, ירוחם",,ירוחם
2026-07-31 00:40:49.776055,,maccabi,פסיכיאטריה - מבוגרים,דר אירנה מיטלמן,"שד העצמאות 64, קריית גת",,קריית גת
2026-07-31 00:40:49.776055,,maccabi,פסיכיאטריה של הזקנה,דר אלכסנדר פלטניק,"בן צבי יצחק 11, באר שבע",,באר שבע
2026-07-31 00:40:49.776055,,maccabi,פסיכיאטריה של הילד/המתבגר, רופאים מרפאת,", אונליין בווידאו",,אונליין בווידאו
2026-07-31 00:40:49.776055,,maccabi,פסיכיאטריה של הילד/המתבגר,דר יקטרינה קובלונוק,"הרב הרצוג 2, באר שבע",,באר שבע
2026-07-31 00:40:49.776055,2026-10-06 18:00:00,maccabi,פסיכיאטריה של הילד/המתבגר,דר סוהיל חלאילה,"הרב הרצוג 2, באר שבע",67.0,באר שבע
2026-07-31 00:40:49.776055,2026-08-27 15:00:00,maccabi,פריון האישה,דר איליה בורד,"בן צבי יצחק 11, באר שבע",27.0,באר שבע
2026-07-31 00:40:49.776055,,maccabi,פריון האישה,דר נעמה שטיינר,"התקוה 4, באר שבע",,באר שבע
2026-07-31 00:40:49.776055,,maccabi,פריון האישה,דר גיל גוטווירץ,"התקוה 4, באר שבע",,באר שבע
2026-07-31 00:40:49.776055,,maccabi,פריון האישה,דר דב בכר,"התקוה 4, באר שבע",,באר שבע
2026-07-31 00:40:49.776055,2026-08-10 14:30:00,maccabi,פריון האישה,דר איליה בורד,"שד גולדה מאיר 20, דימונה",10.0,דימונה
2026-07-31 00:40:49.776055,,maccabi,פריון האישה,דר עדי קופרמן-שני,"בן יאיר אלעזר 39, ערד",,ערד
2026-07-31 00:40:49.776055,2026-08-16 09:30:00,maccabi,פריון האישה,דר דב בכר,"אליהו אילוז 2, נתיבות",16.0,נתיבות
2026-07-31 00:40:49.776055,2026-09-07 16:00:00,maccabi,פריון האישה,דר מוריה קירשנר,"שד העצמאות 64, קריית גת",38.0,קריית גת
2026-07-31 00:40:49.776055,2026-08-06 15:00:00,maccabi,פריון האישה,דר דן ניר,"נתיבות שלום 16, קריית גת",6.0,קריית גת
2026-07-31 00:40:49.776055,,maccabi,צוואר הרחם / מחלות עריה,דר מיחאי מאירוביץ,"התקוה 4, באר שבע",,באר שבע
2026-07-31 00:40:49.776055,,maccabi,צוואר הרחם / מחלות עריה,פרופ רועי קסוס,"התקוה 4, באר שבע",,באר שבע
2026-07-31 00:40:49.776055,2026-09-01 10:40:00,maccabi,צוואר הרחם / מחלות עריה,דר נתן סטולוביץ,"שדרות אבני החושן 1, קריית גת",32.0,קריית גת
2026-07-31 00:40:49.776055,2026-09-24 16:50:00,maccabi,קרדיולוגיה,פרופ אביבה לויטס,"יהודה הנחתום 6, באר שבע",55.0,באר שבע
2026-07-31 00:40:49.776055,,maccabi,קרדיולוגיה, אסותא  באר שבע מרפאת בית חולים,"יחיל חיים 7, באר שבע",,באר שבע
2026-07-31 00:40:49.776055,2026-10-18 14:50:00,maccabi,קרדיולוגיה,דר מיכאל ברמן,"שד גולדה מאיר 20, דימונה",79.0,דימונה
2026-07-31 00:40:49.776055,2026-10-25 08:40:00,maccabi,קרדיולוגיה,דר עזריאל אושרוב,"שד הרצל 36, אופקים",86.0,אופקים
2026-07-31 00:40:49.776055,,maccabi,קרדיולוגיה,דר יעקב דבורקין,"שמעון 13, ערד",,ערד
2026-07-31 00:40:49.776055,2026-08-20 09:45:00,maccabi,קרדיולוגיה,דר תאופיק אבו עמרה,"שמעון 13, ערד",20.0,ערד
2026-07-31 00:40:49.776055,2026-10-04 08:40:00,maccabi,קרדיולוגיה,דר עזריאל אושרוב,"שד ירושלים 18, נתיבות",65.0,נתיבות
2026-07-31 00:40:49.776055,2026-09-02 08:45:00,maccabi,קרדיולוגיה,דר דורו אלבו,"שד העצמאות 64, קריית גת",33.0,קריית גת
2026-07-31 00:40:49.776055,2026-10-04 15:10:00,maccabi,קרדיולוגיה,דר אמיר כהן,"נתיבות שלום 16, קריית גת",65.0,קריית גת
2026-07-31 00:40:49.776055,2026-10-04 16:00:00,maccabi,קרדיולוגיה - הפרעות קצב (אלקטרופיזיולוגיה וקוצבים),פרופ מרדכי חיים,"בן צבי יצחק 2, באר שבע",65.0,באר שבע
2026-07-31 00:40:49.776055,2027-07-12 08:40:00,maccabi,ראומטולוגיה,דר ורוניק סייג-בוכריס,"התקוה 4, באר שבע",346.0,באר שבע
2026-07-31 00:40:49.776055,2026-10-26 10:45:00,maccabi,ראומטולוגיה,דר מירית עמית-וזינה,"שד העצמאות 64, קריית גת",87.0,קריית גת
2026-07-31 00:40:49.776055,2026-09-20 08:40:00,maccabi,רפואה שיקומית/פיזיקלית,דר סלימאן אלגרינאוי,"התקוה 4, באר שבע",51.0,באר שבע
2026-07-31 00:40:49.776055,2026-10-19 17:00:00,maccabi,רפואת הפה,דר אנה פיקובסקי,"שד רגר יצחק 53/2, באר שבע",80.0,באר שבע
